946684831,00,536871724
1670068593,00,01,locomotor
1670073057,00,02,locomotor
1670073100,00,03,locomotor
1670073112,00,04,locomotor
1670073126,00,05,locomotor
1670073132,00,06,locomotor
1670073143,00,07,locomotor
1670073150,00,08,locomotor
1670073163,00,09,locomotor
1670073184,00,10,locomotor
1670073190,00,11,locomotor
1670073201,00,12,locomotor
1670073213,00,13,locomotor
1670073225,00,14,locomotor
1670073231,00,15,locomotor
1670073242,00,16,locomotor
1670073256,00,17,locomotor
1670073263,00,18,locomotor
1670073270,00,19,locomotor
1670073288,00,20,locomotor
1670073309,00,21,locomotor
1670073321,00,22,locomotor
1670073328,00,23,locomotor
1670073336,00,24,locomotor
1670073342,00,25,locomotor
1670073353,00,26,locomotor
1670073360,00,27,locomotor
1670073382,00,28,locomotor
1670073389,00,29,locomotor
1670073395,00,30,locomotor
1670073402,00,31,locomotor
1670073415,00,32,locomotor
1670073440,00,33,locomotor
1670073448,00,34,locomotor
1670073455,00,35,locomotor
1670073461,00,36,locomotor
1670073468,00,37,locomotor
1670073480,00,38,locomotor
1670073486,00,39,locomotor
1670073515,00,40,locomotor
1670073522,00,41,locomotor
1670073543,00,42,locomotor
1670073561,00,43,locomotor
1670073587,00,44,locomotor
1670073598,00,45,locomotor
1670073604,00,46,locomotor
1670073610,00,47,locomotor
1670073617,00,48,locomotor
1670073623,00,49,locomotor
1670073644,00,50,locomotor
1670073653,00,51,locomotor
1670073665,00,52,locomotor
1670073697,00,53,locomotor
1670073714,00,54,locomotor
1670073738,00,55,locomotor
1670073748,00,56,locomotor
1670073761,00,57,locomotor
1670073772,00,58,locomotor
1670073783,00,59,locomotor
1670073794,00,60,locomotor
1670073812,00,61,locomotor
1670073827,00,62,locomotor
1670073873,00,63,locomotor
1670073881,00,64,locomotor
1670073907,00,65,locomotor
1670073913,00,66,locomotor
1670073919,00,67,locomotor
1670073926,00,68,locomotor
1670073933,00,69,locomotor
1670073944,00,70,locomotor
1670073951,00,71,locomotor
1670073963,00,72,locomotor
1670073971,00,73,locomotor
1670073985,00,74,locomotor
1670073998,00,75,locomotor
1670074009,00,76,locomotor
1670074035,00,77,locomotor
1670074048,00,78,locomotor
1670074066,00,79,locomotor
1670074086,00,80,locomotor
1670074098,00,81,locomotor
1670074126,00,82,locomotor
1670074172,00,83,locomotor
1670074180,00,84,locomotor
1670074198,00,85,locomotor
1670074250,00,86,locomotor
1670074256,00,87,locomotor
1670074264,00,88,locomotor
1670074271,00,89,locomotor
1670074281,00,90,locomotor
1670074292,00,91,locomotor
1670074303,00,92,locomotor
1670074348,00,93,locomotor
1670074356,00,94,locomotor
1670074391,00,95,locomotor
1670074406,00,96,locomotor
1670074452,00,97,locomotor
1670074467,00,98,locomotor
1670074479,00,99,locomotor
1670074486,00,100,locomotor
1670074494,00,101,locomotor
1670074503,00,102,locomotor
1670074526,00,103,locomotor
1670074549,00,104,locomotor
1670074555,00,105,locomotor
1670074604,00,106,locomotor
1670074611,00,107,locomotor
1670074619,00,108,locomotor
1670074638,00,109,locomotor
1670074644,00,110,locomotor
1670074651,00,111,locomotor
1670074658,00,112,locomotor
1670074665,00,113,locomotor
1670074697,00,114,locomotor
1670074704,00,115,locomotor
1670074712,00,116,locomotor
1670074722,00,117,locomotor
1670074729,00,118,locomotor
1670074762,00,119,locomotor
1670074795,00,120,locomotor
1670074806,00,121,locomotor
1670074812,00,122,locomotor
1670074818,00,123,locomotor
1670074839,00,124,locomotor
1670074845,00,125,locomotor
1670074877,00,126,locomotor
1670074884,00,127,locomotor
1670074916,00,128,locomotor
1670074925,00,129,locomotor
1670074946,00,130,locomotor
1670074969,00,131,locomotor
1670075019,00,132,locomotor
1670075029,00,133,locomotor
1670075041,00,134,locomotor
1670075074,00,135,locomotor
1670075090,00,136,locomotor
1670075100,00,137,locomotor
1670075110,00,138,locomotor
1670075116,00,139,locomotor
1670075128,00,140,locomotor
1670075136,00,141,locomotor
1670075148,00,142,locomotor
1670075171,00,143,locomotor
1670075198,00,144,locomotor
1670075206,00,145,locomotor
1670075217,00,146,locomotor
1670075224,00,147,locomotor
1670075235,00,148,locomotor
1670075241,00,149,locomotor
1670075248,00,150,locomotor
1670075256,00,151,locomotor
1670075262,00,152,locomotor
1670075268,00,153,locomotor
1670075284,00,154,locomotor
1670075291,00,155,locomotor
1670075297,00,156,locomotor
1670075306,00,157,locomotor
1670075313,00,158,locomotor
1670075324,00,159,locomotor
1670075331,00,160,locomotor
1670075339,00,161,locomotor
1670075350,00,162,locomotor
1670075357,00,163,locomotor
1670075365,00,164,locomotor
1670075371,00,165,locomotor
1670075377,00,166,locomotor
1670075389,00,167,locomotor
1670075395,00,168,locomotor
1670075401,00,169,locomotor
1670075434,00,170,locomotor
1670075449,00,171,locomotor
1670075476,00,172,locomotor
1670075488,00,173,locomotor
1670075525,00,174,locomotor
1670075531,00,175,locomotor
1670075545,00,176,locomotor
1670075551,00,177,locomotor
1670075557,00,178,locomotor
1670075568,00,179,locomotor
1670075575,00,180,locomotor
1670075582,00,181,locomotor
1670075588,00,182,locomotor
1670075597,00,183,locomotor
1670075609,00,184,locomotor
1670075679,00,185,locomotor
1670075692,00,186,locomotor
1670075699,00,187,locomotor
1670075723,00,188,locomotor
1670075730,00,189,locomotor
1670075746,00,190,locomotor
1670075752,00,191,locomotor
1670075761,00,192,locomotor
1670075768,00,193,locomotor
1670075775,00,194,locomotor
1670075784,00,195,locomotor
1670075791,00,196,locomotor
1670075802,00,197,locomotor
1670075822,00,198,locomotor
1670075878,00,199,locomotor
1670075894,00,200,locomotor
1670075911,00,201,locomotor
1670075917,00,202,locomotor
1670075925,00,203,locomotor
1670075931,00,204,locomotor
1670075938,00,205,locomotor
1670075947,00,206,locomotor
1670075956,00,207,locomotor
1670075998,00,208,locomotor
1670076015,00,209,locomotor
1670076055,00,210,locomotor
1670076092,00,211,locomotor
1670076155,00,212,locomotor
1670076166,00,213,locomotor
1670076262,00,214,locomotor
1670076268,00,215,locomotor
1670076277,00,216,locomotor
1670076293,00,217,locomotor
1670076299,00,218,locomotor
1670076315,00,219,locomotor
1670076322,00,220,locomotor
1670076345,00,221,locomotor
1670076356,00,222,locomotor
1670076368,00,223,locomotor
1670076380,00,224,locomotor
1670076392,00,225,locomotor
1670076398,00,226,locomotor
1670076406,00,227,locomotor
1670076412,00,228,locomotor
1670076455,00,229,locomotor
1670076484,00,230,locomotor
1670076547,00,231,locomotor
1670076558,00,232,locomotor
1670076569,00,233,locomotor
1670076580,00,234,locomotor
1670076613,00,235,locomotor
1670076620,00,236,locomotor
1670076626,00,237,locomotor
1670076632,00,238,locomotor
1670076645,00,239,locomotor
1670076657,00,240,locomotor
1670076664,00,241,locomotor
1670076679,00,242,locomotor
1670076690,00,243,locomotor
1670076721,00,244,locomotor
1670076728,00,245,locomotor
1670076735,00,246,locomotor
1670076747,00,247,locomotor
1670076788,00,248,locomotor
1670076794,00,249,locomotor
1670076816,00,250,locomotor
1670076856,00,251,locomotor
1670076864,00,252,locomotor
1670076882,00,253,locomotor
1670076893,00,254,locomotor
1670076901,00,255,locomotor
1670076914,00,256,locomotor
1670076923,00,257,locomotor
1670076937,00,258,locomotor
1670076944,00,259,locomotor
1670076950,00,260,locomotor
1670076957,00,261,locomotor
1670076965,00,262,locomotor
1670076971,00,263,locomotor
1670076993,00,264,locomotor
1670076999,00,265,locomotor
1670077007,00,266,locomotor
1670077047,00,267,locomotor
1670077079,00,268,locomotor
1670077098,00,269,locomotor
1670077109,00,270,locomotor
1670077121,00,271,locomotor
1670077129,00,272,locomotor
1670077149,00,273,locomotor
1670077160,00,274,locomotor
1670077166,00,275,locomotor
1670077173,00,276,locomotor
1670077182,00,277,locomotor
1670077212,00,278,locomotor
1670077219,00,279,locomotor
1670077225,00,280,locomotor
1670077246,00,281,locomotor
1670077253,00,282,locomotor
1670077263,00,283,locomotor
1670077276,00,284,locomotor
1670077282,00,285,locomotor
1670077297,00,286,locomotor
1670077307,00,287,locomotor
1670077319,00,288,locomotor
1670077334,00,289,locomotor
1670077345,00,290,locomotor
1670077364,00,291,locomotor
1670077371,00,292,locomotor
1670077414,00,293,locomotor
1670077420,00,294,locomotor
1670077442,00,295,locomotor
1670077481,00,296,locomotor
1670077496,00,297,locomotor
1670077508,00,298,locomotor
1670077517,00,299,locomotor
1670077541,00,300,locomotor
1670077561,00,301,locomotor
1670077568,00,302,locomotor
1670077590,00,303,locomotor
1670077607,00,304,locomotor
1670077613,00,305,locomotor
1670077620,00,306,locomotor
1670077631,00,307,locomotor
1670077640,00,308,locomotor
1670077649,00,309,locomotor
1670077662,00,310,locomotor
1670077674,00,311,locomotor
1670077711,00,312,locomotor
1670077778,00,313,locomotor
1670077791,00,314,locomotor
1670077798,00,315,locomotor
1670077815,00,316,locomotor
1670077830,00,317,locomotor
1670077850,00,318,locomotor
1670077888,00,319,locomotor
1670077913,00,320,locomotor
1670077927,00,321,locomotor
1670077935,00,322,locomotor
1670077946,00,323,locomotor
1670077952,00,324,locomotor
1670077960,00,325,locomotor
1670077978,00,326,locomotor
1670078026,00,327,locomotor
1670078079,00,328,locomotor
1670078089,00,329,locomotor
1670078096,00,330,locomotor
1670078104,00,331,locomotor
1670078110,00,332,locomotor
1670078116,00,333,locomotor
1670078123,00,334,locomotor
1670078129,00,335,locomotor
1670078141,00,336,locomotor
1670078156,00,337,locomotor
1670078164,00,338,locomotor
1670078186,00,339,locomotor
1670078195,00,340,locomotor
1670078207,00,341,locomotor
1670078218,00,342,locomotor
1670078224,00,343,locomotor
1670078240,00,344,locomotor
1670078258,00,345,locomotor
1670078270,00,346,locomotor
1670078318,00,347,locomotor
1670078329,00,348,locomotor
1670078344,00,349,locomotor
1670078391,00,350,locomotor
1670078420,00,351,locomotor
1670078433,00,352,locomotor
1670078439,00,353,locomotor
1670078471,00,354,locomotor
1670078477,00,355,locomotor
1670078490,00,356,locomotor
1670078500,00,357,locomotor
1670078513,00,358,locomotor
1670078521,00,359,locomotor
1670078532,00,360,locomotor
1670078542,00,361,locomotor
1670078549,00,362,locomotor
1670078579,00,363,locomotor
1670078585,00,364,locomotor
1670078591,00,365,locomotor
1670078597,00,366,locomotor
1670078643,00,367,locomotor
1670078648,00,368,locomotor
1670078654,00,369,locomotor
1670078661,00,370,locomotor
1670078676,00,371,locomotor
1670078687,00,372,locomotor
1670078695,00,373,locomotor
1670078702,00,374,locomotor
1670078709,00,375,locomotor
1670078717,00,376,locomotor
1670078723,00,377,locomotor
1670078729,00,378,locomotor
1670078735,00,379,locomotor
1670078756,00,380,locomotor
1670078762,00,381,locomotor
1670078832,00,382,locomotor
1670078840,00,383,locomotor
1670078847,00,384,locomotor
1670078859,00,385,locomotor
1670078865,00,386,locomotor
1670078906,00,387,locomotor
1670078924,00,388,locomotor
1670078931,00,389,locomotor
1670078937,00,390,locomotor
1670079073,00,391,locomotor
1670079079,00,392,locomotor
1670079102,00,393,locomotor
1670079110,00,394,locomotor
1670079121,00,395,locomotor
1670079127,00,396,locomotor
1670079138,00,397,locomotor
1670079161,00,398,locomotor
1670079178,00,399,locomotor
1670079189,00,400,locomotor
1670079195,00,401,locomotor
1670079201,00,402,locomotor
1670079207,00,403,locomotor
1670079218,00,404,locomotor
1670079257,00,405,locomotor
1670079269,00,406,locomotor
1670079275,00,407,locomotor
1670079294,00,408,locomotor
1670079342,00,409,locomotor
1670079371,00,410,locomotor
1670079377,00,411,locomotor
1670079384,00,412,locomotor
1670079395,00,413,locomotor
1670079401,00,414,locomotor
1670079407,00,415,locomotor
1670079418,00,416,locomotor
1670079429,00,417,locomotor
1670079451,00,418,locomotor
1670079458,00,419,locomotor
1670079465,00,420,locomotor
1670079473,00,421,locomotor
1670079495,00,422,locomotor
1670079501,00,423,locomotor
1670079516,00,424,locomotor
1670079570,00,425,locomotor
1670079628,00,426,locomotor
1670079642,00,427,locomotor
1670079648,00,428,locomotor
1670079702,00,429,locomotor
1670079713,00,430,locomotor
1670079725,00,431,locomotor
1670079730,00,432,locomotor
1670079738,00,433,locomotor
1670079753,00,434,locomotor
1670079761,00,435,locomotor
1670079769,00,436,locomotor
1670079790,00,437,locomotor
1670079838,00,438,locomotor
1670079850,00,439,locomotor
1670079863,00,440,locomotor
1670079947,00,441,locomotor
1670079953,00,442,locomotor
1670079963,00,443,locomotor
1670079970,00,444,locomotor
1670079996,00,445,locomotor
1670080009,00,446,locomotor
1670080020,00,447,locomotor
1670080032,00,448,locomotor
1670080043,00,449,locomotor
1670080050,00,450,locomotor
1670080056,00,451,locomotor
1670080062,00,452,locomotor
1670080104,00,453,locomotor
1670080122,00,454,locomotor
1670080134,00,455,locomotor
1670080141,00,456,locomotor
1670080150,00,457,locomotor
1670080157,00,458,locomotor
1670080165,00,459,locomotor
1670080177,00,460,locomotor
1670080193,00,461,locomotor
1670080283,00,462,locomotor
1670080298,00,463,locomotor
1670080312,00,464,locomotor
1670080323,00,465,locomotor
1670080340,00,466,locomotor
1670080374,00,467,locomotor
1670080383,00,468,locomotor
1670080389,00,469,locomotor
1670080396,00,470,locomotor
1670080432,00,471,locomotor
1670080473,00,472,locomotor
1670080480,00,473,locomotor
1670080488,00,474,locomotor
1670080510,00,475,locomotor
1670080529,00,476,locomotor
1670080538,00,477,locomotor
1670080548,00,478,locomotor
1670080557,00,479,locomotor
1670080584,00,480,locomotor
1670080591,00,481,locomotor
1670080597,00,482,locomotor
1670080611,00,483,locomotor
1670080665,00,484,locomotor
1670080671,00,485,locomotor
1670080689,00,486,locomotor
1670080696,00,487,locomotor
1670080709,00,488,locomotor
1670080715,00,489,locomotor
1670080721,00,490,locomotor
1670080760,00,491,locomotor
1670080832,00,492,locomotor
1670080859,00,493,locomotor
1670080890,00,494,locomotor
1670080912,00,495,locomotor
1670080934,00,496,locomotor
1670080954,00,497,locomotor
1670080967,00,498,locomotor
1670081022,00,499,locomotor
1670081035,00,500,locomotor
1670081052,00,501,locomotor
1670081078,00,502,locomotor
1670081084,00,503,locomotor
1670081091,00,504,locomotor
1670081104,00,505,locomotor
1670081132,00,506,locomotor
1670081160,00,507,locomotor
1670081167,00,508,locomotor
1670081182,00,509,locomotor
1670081203,00,510,locomotor
1670081210,00,511,locomotor
1670081222,00,512,locomotor
1670081274,00,513,locomotor
1670081289,00,514,locomotor
1670081342,00,515,locomotor
1670081358,00,516,locomotor
1670081371,00,517,locomotor
1670081386,00,518,locomotor
1670081398,00,519,locomotor
1670081403,00,520,locomotor
1670081410,00,521,locomotor
1670081419,00,522,locomotor
1670081427,00,523,locomotor
1670081437,00,524,locomotor
1670081454,00,525,locomotor
1670081469,00,526,locomotor
1670081477,00,527,locomotor
1670081494,00,528,locomotor
1670081502,00,529,locomotor
1670081508,00,530,locomotor
1670081611,00,531,locomotor
1670081624,00,532,locomotor
1670081633,00,533,locomotor
1670081648,00,534,locomotor
1670081655,00,535,locomotor
1670081681,00,536,locomotor
1670081701,00,537,locomotor
1670081750,00,538,locomotor
1670081766,00,539,locomotor
1670081772,00,540,locomotor
1670081778,00,541,locomotor
1670081789,00,542,locomotor
1670081802,00,543,locomotor
1670081822,00,544,locomotor
1670081909,00,545,locomotor
1670081967,00,546,locomotor
1670082024,00,547,locomotor
1670082031,00,548,locomotor
1670082058,00,549,locomotor
1670082064,00,550,locomotor
1670082071,00,551,locomotor
1670082090,00,552,locomotor
1670082097,00,553,locomotor
1670082103,00,554,locomotor
1670082109,00,555,locomotor
1670082115,00,556,locomotor
1670082136,00,557,locomotor
1670082142,00,558,locomotor
1670082152,00,559,locomotor
1670082279,00,560,locomotor
1670082286,00,561,locomotor
1670082302,00,562,locomotor
1670082308,00,563,locomotor
1670082318,00,564,locomotor
1670082339,00,565,locomotor
1670082346,00,566,locomotor
1670082384,00,567,locomotor
1670082399,00,568,locomotor
1670082406,00,569,locomotor
1670082436,00,570,locomotor
1670082472,00,571,locomotor
1670082480,00,572,locomotor
1670082492,00,573,locomotor
1670082504,00,574,locomotor
1670082510,00,575,locomotor
1670082522,00,576,locomotor
1670082528,00,577,locomotor
1670082540,00,578,locomotor
1670082547,00,579,locomotor
1670082581,00,580,locomotor
1670082605,00,581,locomotor
1670082611,00,582,locomotor
1670082626,00,583,locomotor
1670082641,00,584,locomotor
1670082653,00,585,locomotor
1670082720,00,586,locomotor
1670082733,00,587,locomotor
1670082744,00,588,locomotor
1670082756,00,589,locomotor
1670082785,00,590,locomotor
1670082793,00,591,locomotor
1670082805,00,592,locomotor
1670082816,00,593,locomotor
1670082831,00,594,locomotor
1670082853,00,595,locomotor
1670082859,00,596,locomotor
1670082871,00,597,locomotor
1670082886,00,598,locomotor
1670082892,00,599,locomotor
1670082900,00,600,locomotor
1670082909,00,601,locomotor
1670082919,00,602,locomotor
1670082927,00,603,locomotor
1670082934,00,604,locomotor
1670082956,00,605,locomotor
1670082972,00,606,locomotor
1670082978,00,607,locomotor
1670082986,00,608,locomotor
1670082995,00,609,locomotor
1670083002,00,610,locomotor
1670083015,00,611,locomotor
1670083033,00,612,locomotor
1670083173,00,613,locomotor
1670083180,00,614,locomotor
1670083190,00,615,locomotor
1670083209,00,616,locomotor
1670083224,00,617,locomotor
1670083252,00,618,locomotor
1670083260,00,619,locomotor
1670083292,00,620,locomotor
1670083304,00,621,locomotor
1670083313,00,622,locomotor
1670083319,00,623,locomotor
1670083325,00,624,locomotor
1670083351,00,625,locomotor
1670083357,00,626,locomotor
1670083365,00,627,locomotor
1670083405,00,628,locomotor
1670083412,00,629,locomotor
1670083418,00,630,locomotor
1670083437,00,631,locomotor
1670083459,00,632,locomotor
1670083474,00,633,locomotor
1670083502,00,634,locomotor
1670083514,00,635,locomotor
1670083523,00,636,locomotor
1670083531,00,637,locomotor
1670083537,00,638,locomotor
1670083555,00,639,locomotor
1670083575,00,640,locomotor
1670083581,00,641,locomotor
1670083613,00,642,locomotor
1670083620,00,643,locomotor
1670083627,00,644,locomotor
1670083641,00,645,locomotor
1670083653,00,646,locomotor
1670083664,00,647,locomotor
1670083670,00,648,locomotor
1670083676,00,649,locomotor
1670083683,00,650,locomotor
1670083698,00,651,locomotor
1670083721,00,652,locomotor
1670083728,00,653,locomotor
1670083736,00,654,locomotor
1670083743,00,655,locomotor
1670083791,00,656,locomotor
1670083803,00,657,locomotor
1670083815,00,658,locomotor
1670083822,00,659,locomotor
1670083841,00,660,locomotor
1670083856,00,661,locomotor
1670083869,00,662,locomotor
1670083880,00,663,locomotor
1670083888,00,664,locomotor
1670083894,00,665,locomotor
1670083911,00,666,locomotor
1670083917,00,667,locomotor
1670083927,00,668,locomotor
1670083934,00,669,locomotor
1670083951,00,670,locomotor
1670083961,00,671,locomotor
1670083967,00,672,locomotor
1670083979,00,673,locomotor
1670084051,00,674,locomotor
1670084058,00,675,locomotor
1670084414,00,676,locomotor
1670084421,00,677,locomotor
1670084463,00,678,locomotor
1670084517,00,679,locomotor
1670084523,00,680,locomotor
1670084530,00,681,locomotor
1670084538,00,682,locomotor
1670084561,00,683,locomotor
1670084568,00,684,locomotor
1670084587,00,685,locomotor
1670084599,00,686,locomotor
1670084605,00,687,locomotor
1670084621,00,688,locomotor
1670084632,00,689,locomotor
1670084638,00,690,locomotor
1670084686,00,691,locomotor
1670084703,00,692,locomotor
1670084714,00,693,locomotor
1670084726,00,694,locomotor
1670084734,00,695,locomotor
1670084750,00,696,locomotor
1670084771,00,697,locomotor
1670084794,00,698,locomotor
1670084807,00,699,locomotor
1670084895,00,700,locomotor
1670084901,00,701,locomotor
1670084912,00,702,locomotor
1670084922,00,703,locomotor
1670084933,00,704,locomotor
1670084943,00,705,locomotor
1670084949,00,706,locomotor
1670084955,00,707,locomotor
1670084967,00,708,locomotor
1670084974,00,709,locomotor
1670084984,00,710,locomotor
1670085003,00,711,locomotor
1670085014,00,712,locomotor
1670085035,00,713,locomotor
1670085044,00,714,locomotor
1670085051,00,715,locomotor
1670085057,00,716,locomotor
1670085115,00,717,locomotor
1670085147,00,718,locomotor
1670085161,00,719,locomotor
1670085182,00,720,locomotor
1670085188,00,721,locomotor
1670085280,00,722,locomotor
1670085288,00,723,locomotor
1670085294,00,724,locomotor
1670085310,00,725,locomotor
1670085329,00,726,locomotor
1670085341,00,727,locomotor
1670085372,00,728,locomotor
1670085380,00,729,locomotor
1670085395,00,730,locomotor
1670085417,00,731,locomotor
1670085435,00,732,locomotor
1670085449,00,733,locomotor
1670085495,00,734,locomotor
1670085506,00,735,locomotor
1670085513,00,736,locomotor
1670085530,00,737,locomotor
1670085536,00,738,locomotor
1670085542,00,739,locomotor
1670085553,00,740,locomotor
1670085607,00,741,locomotor
1670085662,00,742,locomotor
1670085669,00,743,locomotor
1670085677,00,744,locomotor
1670085683,00,745,locomotor
1670085728,00,746,locomotor
1670085782,00,747,locomotor
1670085789,00,748,locomotor
1670085803,00,749,locomotor
1670085857,00,750,locomotor
1670085864,00,751,locomotor
1670085879,00,752,locomotor
1670085893,00,753,locomotor
1670085904,00,754,locomotor
1670085920,00,755,locomotor
1670085926,00,756,locomotor
1670085964,00,757,locomotor
1670085971,00,758,locomotor
1670085983,00,759,locomotor
1670086020,00,760,locomotor
1670086026,00,761,locomotor
1670086047,00,762,locomotor
1670086079,00,763,locomotor
1670086130,00,764,locomotor
1670086136,00,765,locomotor
1670086143,00,766,locomotor
1670086172,00,767,locomotor
1670086179,00,768,locomotor
1670086237,00,769,locomotor
1670086260,00,770,locomotor
1670086266,00,771,locomotor
1670086276,00,772,locomotor
1670086294,00,773,locomotor
1670086316,00,774,locomotor
1670086324,00,775,locomotor
1670086330,00,776,locomotor
1670086343,00,777,locomotor
1670086384,00,778,locomotor
1670086417,00,779,locomotor
1670086424,00,780,locomotor
1670086433,00,781,locomotor
1670086441,00,782,locomotor
1670086447,00,783,locomotor
1670086454,00,784,locomotor
1670086478,00,785,locomotor
1670086496,00,786,locomotor
1670086530,00,787,locomotor
1670086538,00,788,locomotor
1670086545,00,789,locomotor
1670086554,00,790,locomotor
1670086569,00,791,locomotor
1670086583,00,792,locomotor
1670086609,00,793,locomotor
1670086626,00,794,locomotor
1670086633,00,795,locomotor
1670086639,00,796,locomotor
1670086645,00,797,locomotor
1670086657,00,798,locomotor
1670086663,00,799,locomotor
1670086718,00,800,locomotor
1670086738,00,801,locomotor
1670086751,00,802,locomotor
1670086757,00,803,locomotor
1670086781,00,804,locomotor
1670086787,00,805,locomotor
1670086804,00,806,locomotor
1670086810,00,807,locomotor
1670086859,00,808,locomotor
1670086872,00,809,locomotor
1670086880,00,810,locomotor
1670086897,00,811,locomotor
1670086911,00,812,locomotor
1670086917,00,813,locomotor
1670086923,00,814,locomotor
1670086929,00,815,locomotor
1670086972,00,816,locomotor
1670086978,00,817,locomotor
1670087073,00,818,locomotor
1670087086,00,819,locomotor
1670087092,00,820,locomotor
1670087099,00,821,locomotor
1670087108,00,822,locomotor
1670087118,00,823,locomotor
1670087125,00,824,locomotor
1670087131,00,825,locomotor
1670087203,00,826,locomotor
1670087225,00,827,locomotor
1670087290,00,828,locomotor
1670087340,00,829,locomotor
1670087402,00,830,locomotor
1670087422,00,831,locomotor
1670087436,00,832,locomotor
1670087481,00,833,locomotor
1670087488,00,834,locomotor
1670087494,00,835,locomotor
1670087535,00,836,locomotor
1670087542,00,837,locomotor
1670087551,00,838,locomotor
1670087560,00,839,locomotor
1670087568,00,840,locomotor
1670087577,00,841,locomotor
1670087592,00,842,locomotor
1670087609,00,843,locomotor
1670087631,00,844,locomotor
1670087637,00,845,locomotor
1670087645,00,846,locomotor
1670087658,00,847,locomotor
1670087670,00,848,locomotor
1670087680,00,849,locomotor
1670087691,00,850,locomotor
1670087703,00,851,locomotor
1670087709,00,852,locomotor
1670087721,00,853,locomotor
1670087727,00,854,locomotor
1670087743,00,855,locomotor
1670087750,00,856,locomotor
1670087763,00,857,locomotor
1670087786,00,858,locomotor
1670087793,00,859,locomotor
1670087800,00,860,locomotor
1670087807,00,861,locomotor
1670087816,00,862,locomotor
1670087823,00,863,locomotor
1670087835,00,864,locomotor
1670087845,00,865,locomotor
1670087851,00,866,locomotor
1670087866,00,867,locomotor
1670087877,00,868,locomotor
1670087893,00,869,locomotor
1670087907,00,870,locomotor
1670087946,00,871,locomotor
1670087952,00,872,locomotor
1670087971,00,873,locomotor
1670087977,00,874,locomotor
1670087990,00,875,locomotor
1670088007,00,876,locomotor
1670088015,00,877,locomotor
1670088033,00,878,locomotor
1670088042,00,879,locomotor
1670088050,00,880,locomotor
1670088059,00,881,locomotor
1670088121,00,882,locomotor
1670088149,00,883,locomotor
1670088156,00,884,locomotor
1670088162,00,885,locomotor
1670088208,00,886,locomotor
1670088219,00,887,locomotor
1670088225,00,888,locomotor
1670088279,00,889,locomotor
1670088306,00,890,locomotor
1670088318,00,891,locomotor
1670088330,00,892,locomotor
1670088355,00,893,locomotor
1670088367,00,894,locomotor
1670088375,00,895,locomotor
1670088393,00,896,locomotor
1670088399,00,897,locomotor
1670088405,00,898,locomotor
1670088411,00,899,locomotor
1670088424,00,900,locomotor
1670088440,00,901,locomotor
1670088449,00,902,locomotor
1670088467,00,903,locomotor
1670088508,00,904,locomotor
1670088514,00,905,locomotor
1670088520,00,906,locomotor
1670088527,00,907,locomotor
1670088533,00,908,locomotor
1670088543,00,909,locomotor
1670088559,00,910,locomotor
1670088565,00,911,locomotor
1670088583,00,912,locomotor
1670088599,00,913,locomotor
1670088613,00,914,locomotor
1670088619,00,915,locomotor
1670088688,00,916,locomotor
1670088704,00,917,locomotor
1670088728,00,918,locomotor
1670088770,00,919,locomotor
1670088842,00,920,locomotor
1670088866,00,921,locomotor
1670088874,00,922,locomotor
1670088966,00,923,locomotor
1670088972,00,924,locomotor
1670088980,00,925,locomotor
1670089038,00,926,locomotor
1670089045,00,927,locomotor
1670089050,00,928,locomotor
1670089065,00,929,locomotor
1670089089,00,930,locomotor
1670089101,00,931,locomotor
1670089138,00,932,locomotor
1670089230,00,933,locomotor
1670089273,00,934,locomotor
1670089284,00,935,locomotor
1670089293,00,936,locomotor
1670089334,00,937,locomotor
1670089352,00,938,locomotor
1670089378,00,939,locomotor
1670089402,00,940,locomotor
1670089408,00,941,locomotor
1670089422,00,942,locomotor
1670089430,00,943,locomotor
1670089436,00,944,locomotor
1670089494,00,945,locomotor
1670089537,00,946,locomotor
1670089549,00,947,locomotor
1670089572,00,948,locomotor
1670089604,00,949,locomotor
1670089617,00,950,locomotor
1670089623,00,951,locomotor
1670089648,00,952,locomotor
1670089686,00,953,locomotor
1670089704,00,954,locomotor
1670089711,00,955,locomotor
1670089728,00,956,locomotor
1670089752,00,957,locomotor
1670089778,00,958,locomotor
1670089805,00,959,locomotor
1670089823,00,960,locomotor
1670089834,00,961,locomotor
1670089903,00,962,locomotor
1670089940,00,963,locomotor
1670089961,00,964,locomotor
1670089968,00,965,locomotor
1670089980,00,966,locomotor
1670089990,00,967,locomotor
1670089996,00,968,locomotor
1670090011,00,969,locomotor
1670090069,00,970,locomotor
1670090117,00,971,locomotor
1670090175,00,972,locomotor
1670090182,00,973,locomotor
1670090193,00,974,locomotor
1670090208,00,975,locomotor
1670090233,00,976,locomotor
1670090245,00,977,locomotor
1670090269,00,978,locomotor
1670090276,00,979,locomotor
1670090330,00,980,locomotor
1670090338,00,981,locomotor
1670090344,00,982,locomotor
1670090356,00,983,locomotor
1670090393,00,984,locomotor
1670090414,00,985,locomotor
1670090423,00,986,locomotor
1670090430,00,987,locomotor
1670090447,00,988,locomotor
1670090457,00,989,locomotor
1670090503,00,990,locomotor
1670090510,00,991,locomotor
1670090535,00,992,locomotor
1670090541,00,993,locomotor
1670090571,00,994,locomotor
1670090582,00,995,locomotor
1670090598,00,996,locomotor
1670090606,00,997,locomotor
1670090614,00,998,locomotor
1670090659,00,999,locomotor
1670090676,00,1000,locomotor
1670090695,00,1001,locomotor
1670090702,00,1002,locomotor
1670090717,00,1003,locomotor
1670090741,00,1004,locomotor
1670090749,00,1005,locomotor
1670090755,00,1006,locomotor
1670090762,00,1007,locomotor
1670090770,00,1008,locomotor
1670090809,00,1009,locomotor
1670090827,00,1010,locomotor
1670090835,00,1011,locomotor
1670090854,00,1012,locomotor
1670090860,00,1013,locomotor
1670090877,00,1014,locomotor
1670090918,00,1015,locomotor
1670090925,00,1016,locomotor
1670090953,00,1017,locomotor
1670090961,00,1018,locomotor
1670090973,00,1019,locomotor
1670090996,00,1020,locomotor
1670091032,00,1021,locomotor
1670091083,00,1022,locomotor
1670091089,00,1023,locomotor
1670091095,00,1024,locomotor
1670091139,00,1025,locomotor
1670091145,00,1026,locomotor
1670091155,00,1027,locomotor
1670091190,00,1028,locomotor
1670091197,00,1029,locomotor
1670091208,00,1030,locomotor
1670091223,00,1031,locomotor
1670091233,00,1032,locomotor
1670091242,00,1033,locomotor
1670091250,00,1034,locomotor
1670091268,00,1035,locomotor
1670091280,00,1036,locomotor
1670091298,00,1037,locomotor
1670091318,00,1038,locomotor
1670091360,00,1039,locomotor
1670091421,00,1040,locomotor
1670091519,00,1041,locomotor
1670091530,00,1042,locomotor
1670091537,00,1043,locomotor
1670091567,00,1044,locomotor
1670091576,00,1045,locomotor
1670091601,00,1046,locomotor
1670091608,00,1047,locomotor
1670091620,00,1048,locomotor
1670091633,00,1049,locomotor
1670091641,00,1050,locomotor
1670091652,00,1051,locomotor
1670091667,00,1052,locomotor
1670091678,00,1053,locomotor
1670091685,00,1054,locomotor
1670091728,00,1055,locomotor
1670091735,00,1056,locomotor
1670091748,00,1057,locomotor
1670091755,00,1058,locomotor
1670091765,00,1059,locomotor
1670091783,00,1060,locomotor
1670091790,00,1061,locomotor
1670091795,00,1062,locomotor
1670091812,00,1063,locomotor
1670091888,00,1064,locomotor
1670091900,00,1065,locomotor
1670091977,00,1066,locomotor
1670092021,00,1067,locomotor
1670092027,00,1068,locomotor
1670092037,00,1069,locomotor
1670092055,00,1070,locomotor
1670092079,00,1071,locomotor
1670092086,00,1072,locomotor
1670092093,00,1073,locomotor
1670092106,00,1074,locomotor
1670092131,00,1075,locomotor
1670092141,00,1076,locomotor
1670092147,00,1077,locomotor
1670092153,00,1078,locomotor
1670092164,00,1079,locomotor
1670092179,00,1080,locomotor
1670092190,00,1081,locomotor
1670092196,00,1082,locomotor
1670092203,00,1083,locomotor
1670092209,00,1084,locomotor
1670092222,00,1085,locomotor
1670092229,00,1086,locomotor
1670092235,00,1087,locomotor
1670092251,00,1088,locomotor
1670092258,00,1089,locomotor
1670092267,00,1090,locomotor
1670092274,00,1091,locomotor
1670092281,00,1092,locomotor
1670092351,00,1093,locomotor
1670092358,00,1094,locomotor
1670092370,00,1095,locomotor
1670092424,00,1096,locomotor
1670092436,00,1097,locomotor
1670092444,00,1098,locomotor
1670092455,00,1099,locomotor
1670092461,00,1100,locomotor
1670092469,00,1101,locomotor
1670092478,00,1102,locomotor
1670092491,00,1103,locomotor
1670092504,00,1104,locomotor
1670092510,00,1105,locomotor
1670092522,00,1106,locomotor
1670092535,00,1107,locomotor
1670092546,00,1108,locomotor
1670092566,00,1109,locomotor
1670092580,00,1110,locomotor
1670092586,00,1111,locomotor
1670092604,00,1112,locomotor
1670092620,00,1113,locomotor
1670092641,00,1114,locomotor
1670092660,00,1115,locomotor
1670092673,00,1116,locomotor
1670092697,00,1117,locomotor
1670092703,00,1118,locomotor
1670092716,00,1119,locomotor
1670092728,00,1120,locomotor
1670092773,00,1121,locomotor
1670092779,00,1122,locomotor
1670092788,00,1123,locomotor
1670092794,00,1124,locomotor
1670092803,00,1125,locomotor
1670092817,00,1126,locomotor
1670092826,00,1127,locomotor
1670092834,00,1128,locomotor
1670092840,00,1129,locomotor
1670092846,00,1130,locomotor
1670092852,00,1131,locomotor
1670092859,00,1132,locomotor
1670092866,00,1133,locomotor
1670092872,00,1134,locomotor
1670092881,00,1135,locomotor
1670092893,00,1136,locomotor
1670092899,00,1137,locomotor
1670092906,00,1138,locomotor
1670092916,00,1139,locomotor
1670092932,00,1140,locomotor
1670092944,00,1141,locomotor
1670092978,00,1142,locomotor
1670092990,00,1143,locomotor
1670092997,00,1144,locomotor
1670093016,00,1145,locomotor
1670093029,00,1146,locomotor
1670093051,00,1147,locomotor
1670093059,00,1148,locomotor
1670093068,00,1149,locomotor
1670093074,00,1150,locomotor
1670093096,00,1151,locomotor
1670093105,00,1152,locomotor
1670093112,00,1153,locomotor
1670093121,00,1154,locomotor
1670093130,00,1155,locomotor
1670093141,00,1156,locomotor
1670093147,00,1157,locomotor
1670093154,00,1158,locomotor
1670093162,00,1159,locomotor
1670093172,00,1160,locomotor
1670093182,00,1161,locomotor
1670093224,00,1162,locomotor
1670093248,00,1163,locomotor
1670093257,00,1164,locomotor
1670093269,00,1165,locomotor
1670093312,00,1166,locomotor
1670093319,00,1167,locomotor
1670093328,00,1168,locomotor
1670093409,00,1169,locomotor
1670093420,00,1170,locomotor
1670093426,00,1171,locomotor
1670093438,00,1172,locomotor
1670093444,00,1173,locomotor
1670093472,00,1174,locomotor
1670093495,00,1175,locomotor
1670093507,00,1176,locomotor
1670093524,00,1177,locomotor
1670093535,00,1178,locomotor
1670093546,00,1179,locomotor
1670093552,00,1180,locomotor
1670093574,00,1181,locomotor
1670093581,00,1182,locomotor
1670093587,00,1183,locomotor
1670093606,00,1184,locomotor
1670093614,00,1185,locomotor
1670093625,00,1186,locomotor
1670093655,00,1187,locomotor
1670093674,00,1188,locomotor
1670093685,00,1189,locomotor
1670093692,00,1190,locomotor
1670093721,00,1191,locomotor
1670093745,00,1192,locomotor
1670093757,00,1193,locomotor
1670093768,00,1194,locomotor
1670093776,00,1195,locomotor
1670093802,00,1196,locomotor
1670094010,00,1197,locomotor
1670094055,00,1198,locomotor
1670094063,00,1199,locomotor
1670094098,00,1200,locomotor
1670094111,00,1201,locomotor
1670094118,00,1202,locomotor
1670094140,00,1203,locomotor
1670094191,00,1204,locomotor
1670094225,00,1205,locomotor
1670094264,00,1206,locomotor
1670094283,00,1207,locomotor
1670094289,00,1208,locomotor
1670094494,00,1209,locomotor
1670094507,00,1210,locomotor
1670094563,00,1211,locomotor
1670094627,00,1212,locomotor
1670094654,00,1213,locomotor
1670094663,00,1214,locomotor
1670094676,00,1215,locomotor
1670094682,00,1216,locomotor
1670094694,00,1217,locomotor
1670094700,00,1218,locomotor
1670094708,00,1219,locomotor
1670094714,00,1220,locomotor
1670094730,00,1221,locomotor
1670094744,00,1222,locomotor
1670094754,00,1223,locomotor
1670094767,00,1224,locomotor
1670094933,00,1225,locomotor
1670094944,00,1226,locomotor
1670094951,00,1227,locomotor
1670094957,00,1228,locomotor
1670094969,00,1229,locomotor
1670094991,00,1230,locomotor
1670094998,00,1231,locomotor
1670095007,00,1232,locomotor
1670095019,00,1233,locomotor
1670095027,00,1234,locomotor
1670095035,00,1235,locomotor
1670095050,00,1236,locomotor
1670095056,00,1237,locomotor
1670095063,00,1238,locomotor
1670095150,00,1239,locomotor
1670095159,00,1240,locomotor
1670095165,00,1241,locomotor
1670095173,00,1242,locomotor
1670095186,00,1243,locomotor
1670095195,00,1244,locomotor
1670095201,00,1245,locomotor
1670095209,00,1246,locomotor
1670095223,00,1247,locomotor
1670095239,00,1248,locomotor
1670095245,00,1249,locomotor
1670095260,00,1250,locomotor
1670095266,00,1251,locomotor
1670095273,00,1252,locomotor
1670095284,00,1253,locomotor
1670095290,00,1254,locomotor
1670095296,00,1255,locomotor
1670095302,00,1256,locomotor
1670095309,00,1257,locomotor
1670095317,00,1258,locomotor
1670095328,00,1259,locomotor
1670095340,00,1260,locomotor
1670095358,00,1261,locomotor
1670095370,00,1262,locomotor
1670095379,00,1263,locomotor
1670095385,00,1264,locomotor
1670095392,00,1265,locomotor
1670095482,00,1266,locomotor
1670095488,00,1267,locomotor
1670095510,00,1268,locomotor
1670095517,00,1269,locomotor
1670095525,00,1270,locomotor
1670095531,00,1271,locomotor
1670095546,00,1272,locomotor
1670095555,00,1273,locomotor
1670095561,00,1274,locomotor
1670095580,00,1275,locomotor
1670095600,00,1276,locomotor
1670095618,00,1277,locomotor
1670095630,00,1278,locomotor
1670095687,00,1279,locomotor
1670095715,00,1280,locomotor
1670095752,00,1281,locomotor
1670095759,00,1282,locomotor
1670095766,00,1283,locomotor
1670095777,00,1284,locomotor
1670095789,00,1285,locomotor
1670095819,00,1286,locomotor
1670095825,00,1287,locomotor
1670095885,00,1288,locomotor
1670095900,00,1289,locomotor
1670095915,00,1290,locomotor
1670095922,00,1291,locomotor
1670095973,00,1292,locomotor
1670095991,00,1293,locomotor
1670096004,00,1294,locomotor
1670096015,00,1295,locomotor
1670096024,00,1296,locomotor
1670096033,00,1297,locomotor
1670096043,00,1298,locomotor
1670096052,00,1299,locomotor
1670096058,00,1300,locomotor
1670096064,00,1301,locomotor
1670096070,00,1302,locomotor
1670096079,00,1303,locomotor
1670096088,00,1304,locomotor
1670096104,00,1305,locomotor
1670096110,00,1306,locomotor
1670096121,00,1307,locomotor
1670096139,00,1308,locomotor
1670096145,00,1309,locomotor
1670096194,00,1310,locomotor
1670096227,00,1311,locomotor
1670096235,00,1312,locomotor
1670096263,00,1313,locomotor
1670096269,00,1314,locomotor
1670096275,00,1315,locomotor
1670096302,00,1316,locomotor
1670096320,00,1317,locomotor
1670096334,00,1318,locomotor
1670096340,00,1319,locomotor
1670096352,00,1320,locomotor
1670096358,00,1321,locomotor
1670096380,00,1322,locomotor
1670096439,00,1323,locomotor
1670096448,00,1324,locomotor
1670096454,00,1325,locomotor
1670096461,00,1326,locomotor
1670096470,00,1327,locomotor
1670096479,00,1328,locomotor
1670096492,00,1329,locomotor
1670096504,00,1330,locomotor
1670096510,00,1331,locomotor
1670096519,00,1332,locomotor
1670096531,00,1333,locomotor
1670096542,00,1334,locomotor
1670096552,00,1335,locomotor
1670096559,00,1336,locomotor
1670096565,00,1337,locomotor
1670096574,00,1338,locomotor
1670096595,00,1339,locomotor
1670096603,00,1340,locomotor
1670096627,00,1341,locomotor
1670096635,00,1342,locomotor
1670096643,00,1343,locomotor
1670096657,00,1344,locomotor
1670096671,00,1345,locomotor
1670096678,00,1346,locomotor
1670096685,00,1347,locomotor
1670096691,00,1348,locomotor
1670096697,00,1349,locomotor
1670096703,00,1350,locomotor
1670096716,00,1351,locomotor
1670096726,00,1352,locomotor
1670096741,00,1353,locomotor
1670096759,00,1354,locomotor
1670096827,00,1355,locomotor
1670096834,00,1356,locomotor
1670096940,00,1357,locomotor
1670096978,00,1358,locomotor
1670096986,00,1359,locomotor
1670096997,00,1360,locomotor
1670097029,00,1361,locomotor
1670097067,00,1362,locomotor
1670097078,00,1363,locomotor
1670097085,00,1364,locomotor
1670097101,00,1365,locomotor
1670097107,00,1366,locomotor
1670097114,00,1367,locomotor
1670097125,00,1368,locomotor
1670097136,00,1369,locomotor
1670097142,00,1370,locomotor
1670097153,00,1371,locomotor
1670097166,00,1372,locomotor
1670097172,00,1373,locomotor
1670097179,00,1374,locomotor
1670097185,00,1375,locomotor
1670097241,00,1376,locomotor
1670097418,00,1377,locomotor
1670097432,00,1378,locomotor
1670097500,00,1379,locomotor
1670097508,00,1380,locomotor
1670097518,00,1381,locomotor
1670097529,00,1382,locomotor
1670097543,00,1383,locomotor
1670097548,00,1384,locomotor
1670097556,00,1385,locomotor
1670097562,00,1386,locomotor
1670097579,00,1387,locomotor
1670097594,00,1388,locomotor
1670097600,00,1389,locomotor
1670097612,00,1390,locomotor
1670097618,00,1391,locomotor
1670097625,00,1392,locomotor
1670097639,00,1393,locomotor
1670097647,00,1394,locomotor
1670097653,00,1395,locomotor
1670097719,00,1396,locomotor
1670097754,00,1397,locomotor
1670097768,00,1398,locomotor
1670097778,00,1399,locomotor
1670097789,00,1400,locomotor
1670097801,00,1401,locomotor
1670097815,00,1402,locomotor
1670097822,00,1403,locomotor
1670097834,00,1404,locomotor
1670097845,00,1405,locomotor
1670097851,00,1406,locomotor
1670097893,00,1407,locomotor
1670097911,00,1408,locomotor
1670097922,00,1409,locomotor
1670097929,00,1410,locomotor
1670097935,00,1411,locomotor
1670097956,00,1412,locomotor
1670098006,00,1413,locomotor
1670098012,00,1414,locomotor
1670098023,00,1415,locomotor
1670098029,00,1416,locomotor
1670098036,00,1417,locomotor
1670098053,00,1418,locomotor
1670098069,00,1419,locomotor
1670098075,00,1420,locomotor
1670098081,00,1421,locomotor
1670098113,00,1422,locomotor
1670098119,00,1423,locomotor
1670098132,00,1424,locomotor
1670098147,00,1425,locomotor
1670098154,00,1426,locomotor
1670098160,00,1427,locomotor
1670098178,00,1428,locomotor
1670098223,00,1429,locomotor
1670098263,00,1430,locomotor
1670098304,00,1431,locomotor
1670098310,00,1432,locomotor
1670098315,00,1433,locomotor
1670098322,00,1434,locomotor
1670098394,00,1435,locomotor
1670098401,00,1436,locomotor
1670098417,00,1437,locomotor
1670098432,00,1438,locomotor
1670098488,00,1439,locomotor
1670098495,00,1440,locomotor
1670098516,00,1441,locomotor
1670098523,00,1442,locomotor
1670098531,00,1443,locomotor
1670098541,00,1444,locomotor
1670098588,00,1445,locomotor
1670098618,00,1446,locomotor
1670098646,00,1447,locomotor
1670098659,00,1448,locomotor
1670098675,00,1449,locomotor
1670098719,00,1450,locomotor
1670098803,00,1451,locomotor
1670098811,00,1452,locomotor
1670099287,00,1453,locomotor
1670099377,00,1454,locomotor
1670100334,00,1455,locomotor
1670100387,00,1456,locomotor
1670100470,00,1457,locomotor
1670100476,00,1458,locomotor
1670100483,00,1459,locomotor
1670100492,00,1460,locomotor
1670101262,00,1461,locomotor
1670101334,00,1462,locomotor
1670101341,00,1463,locomotor
1670101353,00,1464,locomotor
1670101360,00,1465,locomotor
1670101413,00,1466,locomotor
1670101434,00,1467,locomotor
1670101512,00,1468,locomotor
1670101527,00,1469,locomotor
1670102747,00,1470,locomotor
1670102795,00,1471,locomotor
1670103365,00,1472,locomotor
1670103440,00,1473,locomotor
1670103448,00,1474,locomotor
1670103491,00,1475,locomotor
1670103507,00,1476,locomotor
1670104695,00,1477,locomotor
1670104704,00,1478,locomotor
1670104729,00,1479,locomotor
1670104735,00,1480,locomotor
1670106473,00,1481,locomotor
1670106485,00,1482,locomotor
1670106492,00,1483,locomotor
1670106531,00,1484,locomotor
1670106973,00,1485,locomotor
1670107014,00,1486,locomotor
1670107020,00,1487,locomotor
1670107105,00,1488,locomotor
1670107111,00,1489,locomotor
1670107201,00,1490,locomotor
1670107209,00,1491,locomotor
1670107222,00,1492,locomotor
1670107229,00,1493,locomotor
1670107235,00,1494,locomotor
1670107248,00,1495,locomotor
1670107254,00,1496,locomotor
1670107261,00,1497,locomotor
1670107272,00,1498,locomotor
1670107280,00,1499,locomotor
1670107300,00,1500,locomotor
1670107309,00,1501,locomotor
1670107317,00,1502,locomotor
1670107336,00,1503,locomotor
1670107348,00,1504,locomotor
1670107359,00,1505,locomotor
1670107367,00,1506,locomotor
1670107382,00,1507,locomotor
1670107406,00,1508,locomotor
1670107417,00,1509,locomotor
1670107449,00,1510,locomotor
1670107511,00,1511,locomotor
1670107518,00,1512,locomotor
1670107524,00,1513,locomotor
1670107538,00,1514,locomotor
1670107546,00,1515,locomotor
1670107552,00,1516,locomotor
1670107563,00,1517,locomotor
1670107604,00,1518,locomotor
1670107610,00,1519,locomotor
1670107621,00,1520,locomotor
1670107632,00,1521,locomotor
1670107642,00,1522,locomotor
1670107648,00,1523,locomotor
1670107654,00,1524,locomotor
1670107667,00,1525,locomotor
1670107679,00,1526,locomotor
1670107687,00,1527,locomotor
1670107701,00,1528,locomotor
1670107744,00,1529,locomotor
1670107763,00,1530,locomotor
1670107769,00,1531,locomotor
1670107833,00,1532,locomotor
1670107845,00,1533,locomotor
1670107953,00,1534,locomotor
1670107972,00,1535,locomotor
1670107983,00,1536,locomotor
1670108000,00,1537,locomotor
1670108024,00,1538,locomotor
1670108032,00,1539,locomotor
1670108041,00,1540,locomotor
1670108051,00,1541,locomotor
1670108057,00,1542,locomotor
1670108069,00,1543,locomotor
1670108088,00,1544,locomotor
1670108096,00,1545,locomotor
1670108112,00,1546,locomotor
1670108127,00,1547,locomotor
1670108134,00,1548,locomotor
1670108142,00,1549,locomotor
1670108154,00,1550,locomotor
1670108162,00,1551,locomotor
1670108174,00,1552,locomotor
1670108185,00,1553,locomotor
1670108206,00,1554,locomotor
1670108212,00,1555,locomotor
1670108253,00,1556,locomotor
1670108260,00,1557,locomotor
1670108269,00,1558,locomotor
1670108280,00,1559,locomotor
1670108293,00,1560,locomotor
1670108305,00,1561,locomotor
1670108311,00,1562,locomotor
1670108336,00,1563,locomotor
1670108343,00,1564,locomotor
1670108349,00,1565,locomotor
1670108358,00,1566,locomotor
1670108366,00,1567,locomotor
1670108372,00,1568,locomotor
1670108381,00,1569,locomotor
1670108387,00,1570,locomotor
1670108399,00,1571,locomotor
1670108411,00,1572,locomotor
1670108435,00,1573,locomotor
1670108442,00,1574,locomotor
1670108463,00,1575,locomotor
1670108505,00,1576,locomotor
1670108518,00,1577,locomotor
1670108550,00,1578,locomotor
1670108556,00,1579,locomotor
1670108577,00,1580,locomotor
1670108665,00,1581,locomotor
1670108671,00,1582,locomotor
1670108779,00,1583,locomotor
1670108871,00,1584,locomotor
1670108877,00,1585,locomotor
1670108892,00,1586,locomotor
1670108898,00,1587,locomotor
1670108917,00,1588,locomotor
1670108924,00,1589,locomotor
1670108931,00,1590,locomotor
1670108937,00,1591,locomotor
1670108948,00,1592,locomotor
1670108957,00,1593,locomotor
1670108970,00,1594,locomotor
1670108977,00,1595,locomotor
1670108985,00,1596,locomotor
1670108991,00,1597,locomotor
1670109003,00,1598,locomotor
1670109009,00,1599,locomotor
1670109032,00,1600,locomotor
1670109058,00,1601,locomotor
1670109141,00,1602,locomotor
1670109239,00,1603,locomotor
1670109250,00,1604,locomotor
1670109275,00,1605,locomotor
1670109301,00,1606,locomotor
1670109307,00,1607,locomotor
1670109313,00,1608,locomotor
1670109457,00,1609,locomotor
1670109470,00,1610,locomotor
1670109486,00,1611,locomotor
1670109638,00,1612,locomotor
1670110380,00,1613,locomotor
1670110431,00,1614,locomotor
1670110467,00,1615,locomotor
1670110474,00,1616,locomotor
1670110481,00,1617,locomotor
1670110487,00,1618,locomotor
1670112354,00,1619,locomotor
1670112936,00,1620,locomotor
1670116331,00,1621,locomotor
1670116343,00,1622,locomotor
1670116379,00,1623,locomotor
1670116390,00,1624,locomotor
1670116418,00,1625,locomotor
1670116434,00,1626,locomotor
1670116530,00,1627,locomotor
1670116559,00,1628,locomotor
1670116567,00,1629,locomotor
1670116758,00,1630,locomotor
1670116769,00,1631,locomotor
1670116780,00,1632,locomotor
1670116890,00,1633,locomotor
1670116938,00,1634,locomotor
1670116944,00,1635,locomotor
1670116957,00,1636,locomotor
1670116984,00,1637,locomotor
1670116998,00,1638,locomotor
1670117006,00,1639,locomotor
1670117017,00,1640,locomotor
1670117060,00,1641,locomotor
1670117071,00,1642,locomotor
1670117128,00,1643,locomotor
1670117135,00,1644,locomotor
1670117296,00,1645,locomotor
1670117334,00,1646,locomotor
1670117399,00,1647,locomotor
1670117418,00,1648,locomotor
1670117430,00,1649,locomotor
1670117437,00,1650,locomotor
1670117444,00,1651,locomotor
1670117450,00,1652,locomotor
1670117508,00,1653,locomotor
1670117694,00,1654,locomotor
1670117699,00,1655,locomotor
1670117712,00,1656,locomotor
1670117756,00,1657,locomotor
1670117952,00,1658,locomotor
1670117981,00,1659,locomotor
1670118010,00,1660,locomotor
1670118167,00,1661,locomotor
1670118184,00,1662,locomotor
1670118359,00,1663,locomotor
1670118365,00,1664,locomotor
1670118373,00,1665,locomotor
1670118384,00,1666,locomotor
1670118397,00,1667,locomotor
1670118676,00,1668,locomotor
1670118702,00,1669,locomotor
1670118715,00,1670,locomotor
1670118722,00,1671,locomotor
1670118753,00,1672,locomotor
1670118776,00,1673,locomotor
1670118783,00,1674,locomotor
1670118813,00,1675,locomotor
1670118861,00,1676,locomotor
1670118908,00,1677,locomotor
1670118942,00,1678,locomotor
1670118952,00,1679,locomotor
1670118961,00,1680,locomotor
1670118972,00,1681,locomotor
1670118978,00,1682,locomotor
1670119004,00,1683,locomotor
1670119010,00,1684,locomotor
1670119047,00,1685,locomotor
1670119058,00,1686,locomotor
1670119064,00,1687,locomotor
1670119075,00,1688,locomotor
1670119104,00,1689,locomotor
1670119117,00,1690,locomotor
1670119128,00,1691,locomotor
1670119179,00,1692,locomotor
1670119229,00,1693,locomotor
1670119471,00,1694,locomotor
1670119618,00,1695,locomotor
1670119631,00,1696,locomotor
1670119653,00,1697,locomotor
1670119659,00,1698,locomotor
1670119699,00,1699,locomotor
1670119741,00,1700,locomotor
1670119812,00,1701,locomotor
1670119818,00,1702,locomotor
1670119833,00,1703,locomotor
1670132245,00,1704,locomotor
1670132259,00,1705,locomotor
1670132266,00,1706,locomotor
1670132275,00,1707,locomotor
1670138863,00,1708,locomotor
1670138869,00,1709,locomotor
1670138887,00,1710,locomotor
1670138893,00,1711,locomotor
1670138906,00,1712,locomotor
1670138918,00,1713,locomotor
1670138962,00,1714,locomotor
1670138969,00,1715,locomotor
1670138983,00,1716,locomotor
1670138989,00,1717,locomotor
1670139002,00,1718,locomotor
1670139022,00,1719,locomotor
1670139060,00,1720,locomotor
1670139076,00,1721,locomotor
1670139082,00,1722,locomotor
1670139132,00,1723,locomotor
1670139147,00,1724,locomotor
1670139156,00,1725,locomotor
1670139176,00,1726,locomotor
1670139183,00,1727,locomotor
1670139238,00,1728,locomotor
1670139244,00,1729,locomotor
1670139261,00,1730,locomotor
1670139269,00,1731,locomotor
1670139286,00,1732,locomotor
1670139294,00,1733,locomotor
1670139301,00,1734,locomotor
1670139309,00,1735,locomotor
1670139319,00,1736,locomotor
1670139335,00,1737,locomotor
1670139341,00,1738,locomotor
1670139358,00,1739,locomotor
1670139364,00,1740,locomotor
1670139371,00,1741,locomotor
1670139380,00,1742,locomotor
1670139391,00,1743,locomotor
1670139404,00,1744,locomotor
1670139413,00,1745,locomotor
1670139439,00,1746,locomotor
1670139456,00,1747,locomotor
1670139469,00,1748,locomotor
1670139477,00,1749,locomotor
1670139486,00,1750,locomotor
1670139501,00,1751,locomotor
1670139559,00,1752,locomotor
1670139570,00,1753,locomotor
1670139576,00,1754,locomotor
1670139586,00,1755,locomotor
1670139593,00,1756,locomotor
1670139599,00,1757,locomotor
1670139611,00,1758,locomotor
1670139627,00,1759,locomotor
1670139648,00,1760,locomotor
1670139654,00,1761,locomotor
1670139665,00,1762,locomotor
1670139702,00,1763,locomotor
1670139762,00,1764,locomotor
1670139770,00,1765,locomotor
1670139776,00,1766,locomotor
1670139944,00,1767,locomotor
1670140011,00,1768,locomotor
1670140064,00,1769,locomotor
1670140074,00,1770,locomotor
1670140085,00,1771,locomotor
1670140110,00,1772,locomotor
1670140151,00,1773,locomotor
1670140163,00,1774,locomotor
1670140169,00,1775,locomotor
1670140175,00,1776,locomotor
1670140181,00,1777,locomotor
1670140194,00,1778,locomotor
1670140206,00,1779,locomotor
1670140212,00,1780,locomotor
1670140218,00,1781,locomotor
1670140229,00,1782,locomotor
1670140263,00,1783,locomotor
1670140269,00,1784,locomotor
1670140277,00,1785,locomotor
1670140284,00,1786,locomotor
1670140291,00,1787,locomotor
1670140304,00,1788,locomotor
1670140312,00,1789,locomotor
1670140348,00,1790,locomotor
1670149668,00,1791,locomotor
1670149675,00,1792,locomotor
1670149692,00,1793,locomotor
1670149698,00,1794,locomotor
1670149719,00,1795,locomotor
1670149731,00,1796,locomotor
1670149743,00,1797,locomotor
1670149786,00,1798,locomotor
1670149806,00,1799,locomotor
1670149817,00,1800,locomotor
1670149826,00,1801,locomotor
1670149836,00,1802,locomotor
1670149849,00,1803,locomotor
1670149888,00,1804,locomotor
1670149899,00,1805,locomotor
1670149907,00,1806,locomotor
1670149923,00,1807,locomotor
1670149929,00,1808,locomotor
1670149938,00,1809,locomotor
1670149947,00,1810,locomotor
1670149965,00,1811,locomotor
1670149977,00,1812,locomotor
1670149983,00,1813,locomotor
1670149989,00,1814,locomotor
1670149995,00,1815,locomotor
1670150039,00,1816,locomotor
1670150050,00,1817,locomotor
1670150061,00,1818,locomotor
1670150073,00,1819,locomotor
1670150098,00,1820,locomotor
1670150111,00,1821,locomotor
1670150123,00,1822,locomotor
1670150129,00,1823,locomotor
1670150135,00,1824,locomotor
1670150165,00,1825,locomotor
1670150182,00,1826,locomotor
1670150190,00,1827,locomotor
1670150210,00,1828,locomotor
1670150225,00,1829,locomotor
1670150236,00,1830,locomotor
1670150284,00,1831,locomotor
1670150297,00,1832,locomotor
1670150303,00,1833,locomotor
1670150313,00,1834,locomotor
1670150337,00,1835,locomotor
1670150343,00,1836,locomotor
1670150356,00,1837,locomotor
1670150363,00,1838,locomotor
1670150397,00,1839,locomotor
1670150409,00,1840,locomotor
1670150422,00,1841,locomotor
1670150437,00,1842,locomotor
1670150443,00,1843,locomotor
1670150464,00,1844,locomotor
1670150470,00,1845,locomotor
1670150476,00,1846,locomotor
1670150487,00,1847,locomotor
1670154104,00,1848,locomotor
