time,animal,pellets,motorTurns,battery,delay,protocol
1663767494,420,01,01,04,01,baseline
1663767514,420,02,03,04,01,baseline
1663767543,420,03,10,04,01,baseline
1663767564,420,04,02,04,01,baseline
1663767576,420,05,06,04,01,baseline
1663767580,420,06,02,04,01,baseline
1663767585,420,07,02,04,01,baseline
1663767601,420,08,03,04,01,baseline
1663767607,420,09,03,04,01,baseline
1663767612,420,10,02,04,01,baseline
1663767617,420,11,02,04,01,baseline
1663767622,420,12,02,04,01,baseline
1663767628,420,13,03,04,01,baseline
1663767633,420,14,02,04,01,baseline
1663767640,420,15,03,04,01,baseline
1663767646,420,16,03,04,01,baseline
1663767648,420,17,01,04,01,baseline
1663767650,420,18,01,04,01,baseline
1663767652,420,19,01,04,01,baseline
1663767655,420,20,01,04,01,baseline
1663767657,420,21,01,04,01,baseline
1663767661,420,22,01,04,01,baseline
1663767665,420,23,02,04,01,baseline
1663767719,420,01,01,04,01,baseline
1663767734,420,02,07,04,01,baseline
1663847277,420,03,14524,04,01,baseline
1663847399,420,01,01,04,01,baseline
1663848032,420,02,14,04,01,baseline
1663849400,420,03,546,04,01,baseline
1663853861,420,04,1774,04,01,baseline
1663873880,420,05,7900,04,01,baseline
1663887105,420,06,5163,04,01,baseline
1663887124,420,07,08,04,01,baseline
1663887159,420,08,15,04,01,baseline
1663896109,420,09,1572,04,01,baseline
1663896135,420,10,00,04,01,baseline
1663896267,420,11,00,04,01,baseline
1663896282,420,12,00,04,01,baseline
1663900914,420,13,00,04,01,baseline
1663900924,420,14,00,04,01,baseline
1663900934,420,15,00,04,01,baseline
1663900946,420,16,00,04,01,baseline
1663900958,420,17,00,04,01,baseline
1663901429,420,18,00,04,01,baseline
1663934402,420,19,00,04,01,baseline
1663935089,420,20,275,04,01,baseline
1663945493,420,21,4132,04,01,baseline
1663951677,420,22,2444,04,01,baseline
1663964255,420,23,4939,04,01,baseline
1663964285,420,24,13,04,01,baseline
1663965750,420,25,574,04,01,baseline
1663965755,420,26,02,04,01,baseline
1663966642,420,27,348,04,01,baseline
1663967461,420,28,321,04,01,baseline
1663967846,420,29,151,04,01,baseline
1663968075,420,30,90,04,01,baseline
1663968087,420,31,06,04,01,baseline
1663969269,420,32,462,04,01,baseline
1663970222,420,33,373,04,01,baseline
1663970329,420,34,43,04,01,baseline
1663970536,420,35,82,04,01,baseline
1663970559,420,36,10,04,01,baseline
1663970582,420,37,10,04,01,baseline
1663972221,420,38,639,04,01,baseline
1663972308,420,39,35,04,01,baseline
1663972680,420,40,146,04,01,baseline
1663972728,420,41,20,04,01,baseline
1663972782,420,42,22,04,01,baseline
1663972868,420,43,35,04,01,baseline
1663973441,420,44,224,04,01,baseline
1663974085,420,45,251,04,01,baseline
1663974145,420,46,22,04,01,baseline
1663974156,420,47,04,04,01,baseline
1663974176,420,48,09,04,01,baseline
1663974634,420,49,179,04,01,baseline
1663975919,420,50,500,04,01,baseline
1663976459,420,51,211,04,01,baseline
1663976482,420,52,10,04,01,baseline
1663976502,420,53,09,04,01,baseline
1664020806,420,54,429,04,01,baseline
1664022061,420,55,501,04,01,baseline
1664022107,420,56,20,04,01,baseline
1664022172,420,57,27,04,01,baseline
1664022216,420,58,19,04,01,baseline
1664024724,420,01,01,04,15,baseline
1664024754,420,02,07,04,15,baseline
1664024982,420,03,86,04,15,baseline
1664025646,420,04,259,04,15,baseline
1664025828,420,05,67,04,15,baseline
1664025832,420,06,01,04,15,baseline
1664026446,420,07,236,04,15,baseline
1664028852,420,08,949,04,15,baseline
1664028924,420,09,24,04,15,baseline
1664031101,420,10,857,04,15,baseline
1664031138,420,11,10,04,15,baseline
1664031158,420,12,02,04,15,baseline
1664031994,420,13,323,04,15,baseline
1664032022,420,14,06,04,15,baseline
1664032044,420,15,03,04,15,baseline
1664035204,420,16,1243,04,15,baseline
1664035241,420,17,10,04,15,baseline
1664035299,420,18,18,04,15,baseline
1664035399,420,19,35,04,15,baseline
1664036876,420,20,577,04,15,baseline
1664039552,420,21,1049,04,15,baseline
1664039575,420,22,04,04,15,baseline
1664039598,420,23,04,04,15,baseline
1664042301,420,24,1058,04,15,baseline
1664042454,420,25,55,04,15,baseline
1664042514,420,26,06,04,15,baseline
1664042560,420,27,10,04,15,baseline
1664045841,420,28,1281,04,15,baseline
1664045874,420,29,06,04,15,baseline
1664048216,420,30,909,04,15,baseline
1664048253,420,31,09,04,15,baseline
1664049433,420,32,455,04,15,baseline
1664049454,420,33,01,04,15,baseline
1664049522,420,34,20,04,15,baseline
1664050338,420,35,313,04,15,baseline
1664050800,420,36,170,04,15,baseline
1664050821,420,37,02,04,15,baseline
1664050843,420,38,03,04,15,baseline
1664052225,420,39,535,04,15,baseline
1664052591,420,40,138,04,15,baseline
1664052853,420,41,97,04,15,baseline
1664053269,420,42,158,04,15,baseline
1664053272,420,43,01,04,15,baseline
1664053847,420,44,219,04,15,baseline
1664054404,420,45,212,04,15,baseline
1664054443,420,46,08,04,15,baseline
1664055158,420,47,273,04,15,baseline
1664055181,420,48,04,04,15,baseline
1664055203,420,49,03,04,15,baseline
1664055975,420,50,296,04,15,baseline
1664055997,420,51,04,04,15,baseline
1664056678,420,52,258,04,15,baseline
1664056683,420,53,01,04,15,baseline
1664056769,420,54,29,04,15,baseline
1664056788,420,55,02,04,15,baseline
1664057413,420,56,238,04,15,baseline
1664057808,420,57,145,04,15,baseline
1664057812,420,58,00,04,15,baseline
1664057849,420,59,10,04,15,baseline
1664058480,420,60,238,04,15,baseline
1664059160,420,61,256,04,15,baseline
1664059577,420,62,156,04,15,baseline
1664061024,420,63,555,04,15,baseline
1664061062,420,64,09,04,15,baseline
1664061434,420,65,137,04,15,baseline
1664061469,420,66,06,04,15,baseline
1664061491,420,67,02,04,15,baseline
1664067452,420,68,975,04,15,baseline
1664107202,420,69,00,03,15,baseline
1664108680,420,70,580,03,15,baseline
1664108724,420,71,12,03,15,baseline
1664108768,420,72,06,03,15,baseline
1664108834,420,73,18,03,15,baseline
1664109271,420,74,168,03,15,baseline
1664112921,420,75,1444,03,15,baseline
1664112949,420,76,03,03,15,baseline
1664112980,420,77,08,03,15,baseline
1664113803,420,78,322,03,15,baseline
1664113825,420,79,03,03,15,baseline
1664118588,420,80,1880,03,15,baseline
1664118622,420,81,05,03,15,baseline
1664125921,420,82,1127,03,15,baseline
1664141682,420,83,5937,03,15,baseline
1664148240,420,84,725,03,15,baseline
1664177387,420,85,662,02,15,baseline
1664195928,420,01,05,02,15,baseline
1664195965,420,02,10,02,15,baseline
1664197116,420,03,450,02,15,baseline
1664197119,420,04,00,02,15,baseline
1664197139,420,05,03,02,15,baseline
1664199349,420,06,872,02,15,baseline
1664199386,420,07,08,02,15,baseline
1664199453,420,08,18,02,15,baseline
1664199497,420,09,12,02,15,baseline
1664199541,420,10,13,02,15,baseline
1664199830,420,11,107,02,15,baseline
1664199905,420,12,23,02,15,baseline
1664203461,420,13,1402,02,15,baseline
1664203672,420,14,79,02,15,baseline
1664203755,420,15,27,02,15,baseline
1664203777,420,16,04,02,15,baseline
1664206555,420,17,1092,02,15,baseline
1664208396,420,18,720,02,15,baseline
1664208417,420,19,01,02,15,baseline
1664208822,420,20,155,02,15,baseline
1664209916,420,21,423,02,15,baseline
1664210651,420,22,281,02,15,baseline
1664212233,420,23,617,02,15,baseline
1664212257,420,24,05,02,15,baseline
1664213684,420,25,556,02,15,baseline
1664213719,420,26,09,02,15,baseline
1664214323,420,27,231,02,15,baseline
1664215078,420,28,289,02,15,baseline
1664216186,420,29,430,02,15,baseline
1664217476,420,30,501,02,15,baseline
1664217505,420,31,07,02,15,baseline
1664217537,420,32,08,02,15,baseline
1664217590,420,33,14,02,15,baseline
1664217610,420,34,01,02,15,baseline
1664217655,420,35,11,02,15,baseline
1664219590,420,36,750,02,15,baseline
1664220108,420,37,197,02,15,baseline
1664220207,420,38,34,02,15,baseline
1664221116,420,39,351,02,15,baseline
1664221140,420,40,05,02,15,baseline
1664221679,420,41,206,02,15,baseline
1664221702,420,42,04,02,15,baseline
1664221724,420,43,04,02,15,baseline
1664221884,420,44,58,02,15,baseline
1664223704,420,45,704,02,15,baseline
1664225965,420,46,877,02,15,baseline
1664226087,420,47,43,02,15,baseline
1664226155,420,48,19,02,15,baseline
1664228621,420,49,954,02,15,baseline
1664228648,420,50,06,02,15,baseline
1664228683,420,51,07,02,15,baseline
1664228712,420,52,04,02,15,baseline
1664228734,420,53,03,02,15,baseline
1664232021,420,54,1271,02,15,baseline
1664232051,420,55,07,02,15,baseline
1664232359,420,56,115,02,15,baseline
1664234149,420,57,690,02,15,baseline
1664234184,420,58,07,02,15,baseline
1664280007,420,59,1015,02,15,baseline
1664280538,420,60,198,02,15,baseline
1664281242,420,61,274,02,15,baseline
1664282006,420,62,299,02,15,baseline
1664282026,420,63,02,02,15,baseline
1664284016,420,64,786,02,15,baseline
1664284039,420,65,04,02,15,baseline
1664284060,420,66,03,02,15,baseline
1664285674,420,67,633,02,15,baseline
1664286633,420,68,375,02,15,baseline
1664288471,420,69,723,02,15,baseline
1664288494,420,70,03,02,15,baseline
1664289618,420,71,440,02,15,baseline
1664289677,420,72,06,02,15,baseline
1664290305,420,73,243,02,15,baseline
1664290307,420,74,01,02,15,baseline
1664290343,420,75,10,02,15,baseline
1664292312,420,76,773,02,15,baseline
1664292332,420,77,02,02,15,baseline
1664292366,420,78,05,02,15,baseline
1664293860,420,79,585,02,15,baseline
1664293879,420,80,02,02,15,baseline
1664294913,420,81,403,02,15,baseline
1664294951,420,82,10,02,15,baseline
1664295204,420,83,95,02,15,baseline
1664296365,420,84,450,02,15,baseline
1664296371,420,85,01,02,15,baseline
1664296375,420,86,01,02,15,baseline
1664296397,420,87,03,02,15,baseline
1664296459,420,88,20,02,15,baseline
1664296491,420,89,08,02,15,baseline
1664298082,420,90,622,02,15,baseline
1664298141,420,91,12,02,15,baseline
1664298283,420,92,51,02,15,baseline
1664298716,420,93,165,02,15,baseline
1664299177,420,94,176,02,15,baseline
1664299204,420,95,06,02,15,baseline
1664299225,420,96,02,02,15,baseline
1664304948,420,97,2241,02,15,baseline
1664305045,420,98,33,02,15,baseline
1664305521,420,99,182,02,15,baseline
1664306965,420,100,560,02,15,baseline
1664308722,420,101,683,02,15,baseline
1664308748,420,102,04,02,15,baseline
1664308769,420,103,02,02,15,baseline
1664313140,420,104,1700,02,15,baseline
1664313352,420,105,65,02,15,baseline
1664314622,420,106,488,02,15,baseline
1664320295,420,107,2168,02,15,baseline
1664320382,420,108,25,02,15,baseline
1664320572,420,109,57,02,15,baseline
1664364955,420,110,1021,02,15,baseline
1664366407,420,111,00,02,15,baseline
1664366822,420,112,160,02,15,baseline
1664366843,420,113,03,02,15,baseline
1664366869,420,114,05,02,15,baseline
1664368368,420,115,591,02,15,baseline
1664368369,420,116,01,02,15,baseline
1664368409,420,117,11,02,15,baseline
1664369474,420,118,419,02,15,baseline
1664369514,420,119,04,02,15,baseline
946684801,420,01,01,04,01,baseline
1664371353,420,01,01,04,15,baseline
1664371387,420,02,09,04,15,baseline
1664372150,420,03,298,04,15,baseline
1664372170,420,04,03,04,15,baseline
1664372658,420,05,189,04,15,baseline
1664372660,420,06,01,04,15,baseline
1664373468,420,07,316,04,15,baseline
1664374598,420,08,443,04,15,baseline
1664375323,420,09,279,04,15,baseline
1664375949,420,10,240,04,15,baseline
1664377029,420,11,419,04,15,baseline
1664377275,420,12,92,04,15,baseline
1664378104,420,13,323,04,15,baseline
1664378148,420,14,13,04,15,baseline
1664378441,420,15,111,04,15,baseline
1664379121,420,16,264,04,15,baseline
1664379590,420,17,181,04,15,baseline
1664380450,420,18,335,04,15,baseline
1664380470,420,19,02,04,15,baseline
1664380745,420,20,104,04,15,baseline
1664381282,420,21,207,04,15,baseline
1664381481,420,22,74,04,15,baseline
1664381861,420,23,145,04,15,baseline
1664382352,420,24,188,04,15,baseline
1664382563,420,25,78,04,15,baseline
1664383533,420,26,378,04,15,baseline
1664384275,420,27,267,04,15,baseline
1664384622,420,28,131,04,15,baseline
1664395152,420,29,755,04,15,baseline
1664403845,420,30,2234,04,15,baseline
1664449368,420,31,266,04,15,baseline
1664449404,420,32,00,04,15,baseline
1664449712,420,01,01,04,01,baseline
1664452801,420,02,00,04,15,baseline
1664452996,420,03,73,04,15,baseline
1664453017,420,04,03,04,15,baseline
1664453517,420,05,194,04,15,baseline
1664453848,420,06,127,04,15,baseline
1664453854,420,07,01,04,15,baseline
1664453898,420,08,10,04,15,baseline
1664457613,420,09,1469,04,15,baseline
1664458125,420,10,195,04,15,baseline
1664458899,420,11,299,04,15,baseline
1664459496,420,12,211,04,15,baseline
1664459668,420,13,59,04,15,baseline
1664459930,420,14,96,04,15,baseline
1664460591,420,15,254,04,15,baseline
1664461612,420,16,396,04,15,baseline
1664462124,420,17,195,04,15,baseline
1664463390,420,18,493,04,15,baseline
1664464412,420,19,396,04,15,baseline
1664464786,420,20,140,04,15,baseline
1664465408,420,21,210,04,15,baseline
1664466270,420,22,332,04,15,baseline
1664466904,420,23,243,04,15,baseline
1664467466,420,24,214,04,15,baseline
1664467922,420,25,172,04,15,baseline
1664468700,420,26,299,04,15,baseline
1664468892,420,27,68,04,15,baseline
1664469181,420,28,106,04,15,baseline
1664469958,420,29,298,04,15,baseline
1664470086,420,30,43,04,15,baseline
1664470705,420,31,236,04,15,baseline
1664471258,420,32,210,04,15,baseline
1664471620,420,33,134,04,15,baseline
1664471968,420,34,120,04,15,baseline
1664475587,420,35,1413,04,15,baseline
1664475629,420,36,05,04,15,baseline
1664475631,420,37,01,04,15,baseline
1664475682,420,38,06,04,15,baseline
1664475798,420,39,37,04,15,baseline
1664475850,420,40,12,04,15,baseline
1664476782,420,41,356,04,15,baseline
1664476823,420,42,11,04,15,baseline
1664477438,420,43,233,04,15,baseline
1664477977,420,44,206,04,15,baseline
1664478775,420,45,306,04,15,baseline
1664478840,420,46,19,04,15,baseline
1664482796,420,47,1540,04,15,baseline
1664482823,420,48,05,04,15,baseline
1664482849,420,49,03,04,15,baseline
1664482860,420,50,01,04,15,baseline
1664482939,420,51,07,04,15,baseline
1664483071,420,52,44,04,15,baseline
1664483607,420,53,184,04,15,baseline
1664484792,420,54,455,04,15,baseline
1664484827,420,55,06,04,15,baseline
1664487535,420,56,1048,04,15,baseline
1664487573,420,57,07,04,15,baseline
1664487615,420,58,04,04,15,baseline
1664491553,420,59,1525,04,15,baseline
1664491838,420,60,103,04,15,baseline
1664495025,420,61,1229,04,15,baseline
1664495087,420,62,06,04,15,baseline
1664495147,420,63,06,04,15,baseline
1664531846,420,64,332,04,15,baseline
1664536009,420,65,00,04,15,baseline
1664536040,420,66,00,04,15,baseline
1664536229,420,01,01,04,01,baseline
1664539201,420,02,00,04,15,baseline
1664539564,420,03,140,04,15,baseline
1664539584,420,04,02,04,15,baseline
1664539622,420,05,07,04,15,baseline
1664539659,420,06,09,04,15,baseline
1664539704,420,07,05,04,15,baseline
1664542546,420,08,1123,04,15,baseline
1664543287,420,09,258,04,15,baseline
1664543919,420,10,243,04,15,baseline
1664544952,420,11,402,04,15,baseline
1664545512,420,12,205,04,15,baseline
1664546116,420,13,235,04,15,baseline
1664546624,420,14,196,04,15,baseline
1664548062,420,15,563,04,15,baseline
1664548304,420,16,88,04,15,baseline
1664548702,420,17,152,04,15,baseline
1664548722,420,18,02,04,15,baseline
1664549363,420,19,249,04,15,baseline
1664549655,420,20,109,04,15,baseline
1664550054,420,21,150,04,15,baseline
1664550418,420,22,119,04,15,baseline
1664550804,420,23,148,04,15,baseline
1664550985,420,24,67,04,15,baseline
1664551285,420,25,114,04,15,baseline
1664552180,420,26,349,04,15,baseline
1664552468,420,27,109,04,15,baseline
1664552583,420,28,39,04,15,baseline
1664554097,420,29,593,04,15,baseline
1664554180,420,30,28,04,15,baseline
1664556348,420,31,849,04,15,baseline
1664556390,420,32,12,04,15,baseline
1664556411,420,33,03,04,15,baseline
1664557158,420,34,287,04,15,baseline
1664557220,420,35,06,04,15,baseline
1664557258,420,36,07,04,15,baseline
1664558938,420,37,656,04,15,baseline
1664560884,420,38,760,04,15,baseline
1664560907,420,39,04,04,15,baseline
1664563486,420,40,1007,04,15,baseline
1664563518,420,41,08,04,15,baseline
1664563521,420,42,01,04,15,baseline
1664563564,420,43,10,04,15,baseline
1664564618,420,44,399,04,15,baseline
1664564641,420,45,04,04,15,baseline
1664564679,420,46,08,04,15,baseline
1664564784,420,47,33,04,15,baseline
1664564896,420,48,38,04,15,baseline
1664565480,420,49,224,04,15,baseline
1664567942,420,50,959,04,15,baseline
1664567984,420,51,04,04,15,baseline
1664570780,420,52,1087,04,15,baseline
1664570830,420,53,15,04,15,baseline
1664571131,420,54,113,04,15,baseline
1664573830,420,55,1047,04,15,baseline
1664573851,420,56,03,04,15,baseline
1664573854,420,57,01,04,15,baseline
1664573891,420,58,10,04,15,baseline
1664578410,420,59,1753,04,15,baseline
1664588678,420,60,1550,04,15,baseline
1664625358,420,61,00,03,15,baseline
1664625601,420,62,00,03,15,baseline
1664625658,420,63,18,04,15,baseline
1664625660,420,64,01,03,15,baseline
1664625705,420,65,11,03,15,baseline
1664625747,420,66,11,03,15,baseline
1664625772,420,67,05,03,15,baseline
1664628995,420,68,1277,03,15,baseline
1664628997,420,69,01,03,15,baseline
1664629029,420,70,08,03,15,baseline
1664629756,420,71,284,03,15,baseline
1664630781,420,72,402,03,15,baseline
1664631153,420,73,143,03,15,baseline
1664631878,420,74,283,03,15,baseline
1664632328,420,75,174,03,15,baseline
1664632349,420,76,02,03,15,baseline
1664632667,420,77,89,03,15,baseline
1664633715,420,78,399,03,15,baseline
1664633817,420,79,34,03,15,baseline
1664633819,420,80,01,03,15,baseline
1664634263,420,81,171,03,15,baseline
1664637560,420,82,1300,03,15,baseline
1664637686,420,83,45,03,15,baseline
1664637757,420,84,21,03,15,baseline
1664637809,420,85,06,03,15,baseline
1664638047,420,86,86,03,15,baseline
1664638641,420,87,229,03,15,baseline
1664638672,420,88,08,03,15,baseline
1664638798,420,89,45,03,15,baseline
1664639599,420,90,312,03,15,baseline
1664640481,420,91,343,03,15,baseline
1664640787,420,92,116,03,15,baseline
1664640923,420,93,49,03,15,baseline
1664641887,420,94,372,03,15,baseline
1664641899,420,95,00,03,15,baseline
1664644688,420,96,1091,03,15,baseline
1664645013,420,97,122,03,15,baseline
1664645043,420,98,07,03,15,baseline
1664645063,420,99,02,03,15,baseline
1664645983,420,100,357,03,15,baseline
1664646303,420,101,121,03,15,baseline
1664649623,420,102,1296,03,15,baseline
1664649889,420,103,99,03,15,baseline
1664650003,420,104,40,03,15,baseline
1664650816,420,105,312,03,15,baseline
1664651510,420,106,266,03,15,baseline
1664651944,420,107,165,03,15,baseline
1664655268,420,108,1290,03,15,baseline
1664655272,420,109,00,03,15,baseline
1664655311,420,110,08,03,15,baseline
1664655368,420,111,05,03,15,baseline
1664655389,420,112,03,03,15,baseline
1664655427,420,113,10,03,15,baseline
1664655456,420,114,07,03,15,baseline
1664655474,420,115,02,03,15,baseline
1664655509,420,116,09,03,15,baseline
1664656184,420,117,259,03,15,baseline
1664659645,420,118,1345,03,15,baseline
1664659664,420,119,02,03,15,baseline
1664660017,420,120,133,03,15,baseline
1664661382,420,121,527,03,15,baseline
1664661491,420,122,36,03,15,baseline
1664661817,420,123,121,03,15,baseline
1664662495,420,124,259,03,15,baseline
1664686607,420,125,2450,03,15,baseline
1664686685,420,126,00,03,15,baseline
1664712001,420,127,00,03,15,baseline
1664712227,420,128,85,03,15,baseline
1664712247,420,129,02,03,15,baseline
1664712267,420,130,03,03,15,baseline
1664712292,420,131,05,03,15,baseline
1664712313,420,132,03,03,15,baseline
1664712336,420,133,04,03,15,baseline
1664712359,420,134,04,03,15,baseline
1664713926,420,135,619,03,15,baseline
1664715726,420,136,711,03,15,baseline
1664716514,420,137,308,03,15,baseline
1664717261,420,138,289,03,15,baseline
1664717722,420,139,178,03,15,baseline
1664718308,420,140,228,03,15,baseline
1664718831,420,141,203,03,15,baseline
1664719034,420,142,76,03,15,baseline
1664719884,420,143,332,03,15,baseline
1664720382,420,144,192,03,15,baseline
1664720885,420,145,195,03,15,baseline
1664721271,420,146,148,03,15,baseline
1664722048,420,147,303,03,15,baseline
1664722684,420,148,247,03,15,baseline
1664723414,420,149,284,03,15,baseline
1664724456,420,150,407,03,15,baseline
1664725265,420,151,315,03,15,baseline
1664725842,420,152,221,03,15,baseline
1664725937,420,153,32,03,15,baseline
1664726339,420,154,152,03,15,baseline
1664727237,420,155,346,03,15,baseline
1664727322,420,156,26,03,15,baseline
1664728011,420,157,263,03,15,baseline
1664728175,420,158,60,03,15,baseline
1664732143,420,159,1557,03,15,baseline
1664732180,420,160,10,03,15,baseline
1664732214,420,161,05,03,15,baseline
1664734338,420,162,830,03,15,baseline
1664735113,420,163,299,03,15,baseline
1664736361,420,164,483,03,15,baseline
1664736527,420,165,59,03,15,baseline
1664737437,420,166,350,03,15,baseline
1664738262,420,167,314,03,15,baseline
1664738644,420,168,145,03,15,baseline
1664740336,420,169,658,03,15,baseline
1664740339,420,170,01,03,15,baseline
1664740376,420,171,10,03,15,baseline
1664740679,420,172,114,03,15,baseline
1664741438,420,173,292,03,15,baseline
1664742812,420,174,532,03,15,baseline
1664743410,420,175,229,03,15,baseline
1664746936,420,176,1370,03,15,baseline
1664747643,420,177,271,03,15,baseline
1664750205,420,178,990,03,15,baseline
1664750228,420,179,02,03,15,baseline
1664750231,420,180,01,02,15,baseline
1664750270,420,181,11,02,15,baseline
1664751165,420,182,343,03,15,baseline
1664754607,420,183,1331,02,15,baseline
1664754774,420,184,60,03,15,baseline
1664778321,420,185,168,02,15,baseline
1664790645,420,186,00,02,15,baseline
1664793824,420,01,01,02,01,baseline
1664798400,420,02,00,02,15,baseline
1664798440,420,03,11,02,15,baseline
1664798489,420,04,15,02,15,baseline
1664798536,420,05,14,02,15,baseline
1664798689,420,06,56,02,15,baseline
1664798712,420,07,04,02,15,baseline
1664800008,420,08,511,02,15,baseline
1664800369,420,09,139,02,15,baseline
1664802412,420,10,808,02,15,baseline
1664803116,420,11,273,02,15,baseline
1664803183,420,12,21,02,15,baseline
1664804055,420,13,339,02,15,baseline
1664804170,420,14,40,02,15,baseline
1664804524,420,15,136,02,15,baseline
1664805196,420,16,262,02,15,baseline
1664805621,420,17,164,02,15,baseline
1664805647,420,18,06,02,15,baseline
1664806631,420,19,385,02,15,baseline
1664807098,420,20,180,02,15,baseline
1664807450,420,21,135,02,15,baseline
1664807742,420,22,111,02,15,baseline
1664808016,420,23,104,02,15,baseline
1664808585,420,24,218,02,15,baseline
1664809194,420,25,233,02,15,baseline
1664809461,420,26,100,02,15,baseline
1664810022,420,27,217,02,15,baseline
1664812996,420,28,1140,02,15,baseline
1664813361,420,29,139,02,15,baseline
1664813380,420,30,02,02,15,baseline
1664813400,420,31,02,02,15,baseline
1664813493,420,32,32,02,15,baseline
1664814159,420,33,258,02,15,baseline
1664814655,420,34,191,02,15,baseline
1664814766,420,35,39,02,15,baseline
1664814927,420,36,56,02,15,baseline
1664815085,420,37,57,02,15,baseline
1664817591,420,38,982,02,15,baseline
1664817619,420,39,06,02,15,baseline
1664819510,420,40,739,02,15,baseline
1664819519,420,41,01,02,15,baseline
1664819550,420,42,07,02,15,baseline
1664819570,420,43,02,02,15,baseline
1664819625,420,44,14,02,15,baseline
1664819815,420,45,70,02,15,baseline
1664821019,420,46,468,02,15,baseline
1664832460,420,47,4470,02,15,baseline
1664832479,420,48,02,02,15,baseline
1664832481,420,49,01,02,15,baseline
1664832516,420,50,09,02,15,baseline
1664832518,420,51,01,02,15,baseline
1664832556,420,52,10,02,15,baseline
1664832558,420,53,01,02,15,baseline
1664832921,420,54,137,02,15,baseline
1664835856,420,55,1138,02,15,baseline
1664836812,420,56,367,02,15,baseline
1664838723,420,57,736,02,15,baseline
1664882121,420,58,1118,02,15,baseline
1664884801,420,01,01,04,15,baseline
1664884842,420,02,12,04,15,baseline
1664884869,420,03,06,04,15,baseline
1664884904,420,04,09,04,15,baseline
1664884933,420,05,07,04,15,baseline
1664885877,420,06,371,04,15,baseline
1664887577,420,07,672,04,15,baseline
1664887846,420,08,100,04,15,baseline
1664889053,420,09,474,04,15,baseline
1664889055,420,10,01,04,15,baseline
1664889095,420,11,09,04,15,baseline
1664890207,420,12,436,04,15,baseline
1664890754,420,13,210,04,15,baseline
1664891373,420,14,218,04,15,baseline
1664891966,420,15,228,04,15,baseline
1664892498,420,16,192,04,15,baseline
1664892716,420,17,81,04,15,baseline
1664893157,420,18,170,04,15,baseline
1664893510,420,19,135,04,15,baseline
1664894135,420,20,243,04,15,baseline
1664894393,420,21,98,04,15,baseline
1664894576,420,22,67,04,15,baseline
1664895734,420,23,454,04,15,baseline
1664896129,420,24,140,04,15,baseline
1664896647,420,25,200,04,15,baseline
1664897121,420,26,183,04,15,baseline
1664897426,420,27,116,04,15,baseline
1664898093,420,28,259,04,15,baseline
1664898314,420,29,83,04,15,baseline
1664898857,420,30,210,04,15,baseline
1664899791,420,31,364,04,15,baseline
1664899975,420,32,64,04,15,baseline
1664900142,420,33,58,04,15,baseline
1664902327,420,34,845,04,15,baseline
1664903125,420,35,310,04,15,baseline
1664903493,420,36,140,04,15,baseline
1664903630,420,37,47,04,15,baseline
1664903741,420,38,35,04,15,baseline
1664907073,420,39,1304,04,15,baseline
1664907164,420,40,28,04,15,baseline
1664908065,420,41,348,04,15,baseline
1664908145,420,42,27,04,15,baseline
1664908251,420,43,37,04,15,baseline
1664909075,420,44,319,04,15,baseline
1664909747,420,45,259,04,15,baseline
1664910713,420,46,374,04,15,baseline
1664910923,420,47,75,04,15,baseline
1664913525,420,48,1012,04,15,baseline
1664913647,420,49,40,04,15,baseline
1664914248,420,50,227,04,15,baseline
1664914649,420,51,149,04,15,baseline
1664915849,420,52,464,04,15,baseline
1664918802,420,53,1147,04,15,baseline
1664918930,420,54,42,04,15,baseline
1664922794,420,55,1500,04,15,baseline
1664922865,420,56,23,04,15,baseline
1664924747,420,57,727,04,15,baseline
1664937136,420,58,1264,04,15,baseline
1664937237,420,59,00,04,15,baseline
1664937395,420,60,00,04,15,baseline
1664971201,420,61,00,04,15,baseline
1664971232,420,62,08,04,15,baseline
1664971264,420,63,08,04,15,baseline
1664971301,420,64,10,04,15,baseline
1664971330,420,65,07,04,15,baseline
1664971915,420,66,228,04,15,baseline
1664971917,420,67,01,04,15,baseline
1664971949,420,68,08,04,15,baseline
1664973940,420,69,788,04,15,baseline
1664974407,420,70,181,04,15,baseline
1664975256,420,71,330,04,15,baseline
1664976318,420,72,416,04,15,baseline
1664976634,420,73,121,04,15,baseline
1664978583,420,74,769,04,15,baseline
1664979083,420,75,192,04,15,baseline
1664979863,420,76,302,04,15,baseline
1664980377,420,77,198,04,15,baseline
1664981024,420,78,252,04,15,baseline
1664981107,420,79,26,04,15,baseline
1664981721,420,80,238,04,15,baseline
1664982323,420,81,231,04,15,baseline
1664982760,420,82,167,04,15,baseline
1664983222,420,83,178,04,15,baseline
1664983555,420,84,127,04,15,baseline
1664984171,420,85,239,04,15,baseline
1664984385,420,86,80,04,15,baseline
1664985383,420,87,390,04,15,baseline
1664985836,420,88,174,04,15,baseline
1664986363,420,89,195,04,15,baseline
1664986521,420,90,58,04,15,baseline
1664987433,420,91,355,04,15,baseline
1664988307,420,92,340,04,15,baseline
1664988575,420,93,101,04,15,baseline
1664989739,420,94,454,04,15,baseline
1664989812,420,95,24,04,15,baseline
1664990563,420,96,291,03,15,baseline
1664991773,420,97,469,04,15,baseline
1664992151,420,98,141,04,15,baseline
1664995663,420,99,1362,03,15,baseline
1664996145,420,100,181,03,15,baseline
1664997743,420,101,618,03,15,baseline
1664998388,420,102,245,03,15,baseline
1664999028,420,103,245,04,15,baseline
1665001052,420,104,787,03,15,baseline
1665001072,420,105,02,03,15,baseline
1665001657,420,106,224,03,15,baseline
1665002101,420,107,167,03,15,baseline
1665003859,420,108,679,03,15,baseline
1665003879,420,109,01,03,15,baseline
1665003921,420,110,04,03,15,baseline
1665004922,420,111,384,03,15,baseline
1665005422,420,112,187,03,15,baseline
1665005696,420,113,101,03,15,baseline
1665006848,420,114,413,03,15,baseline
1665007597,420,115,286,03,15,baseline
1665010401,420,116,1084,03,15,baseline
1665010807,420,117,150,03,15,baseline
1665013241,420,118,939,03,15,baseline
1665020063,420,119,452,03,15,baseline
1665057308,420,120,00,03,15,baseline
1665057619,420,121,01,03,15,baseline
1665057924,420,122,112,03,15,baseline
1665057969,420,123,10,03,15,baseline
1665058466,420,124,190,03,15,baseline
1665059400,420,125,366,03,15,baseline
1665060206,420,126,316,03,15,baseline
1665060612,420,127,157,03,15,baseline
1665060824,420,128,80,03,15,baseline
1665061601,420,129,304,03,15,baseline
1665062038,420,130,169,03,15,baseline
1665062803,420,131,299,03,15,baseline
1665063255,420,132,175,03,15,baseline
1665064498,420,133,489,03,15,baseline
1665065249,420,134,293,03,15,baseline
1665065525,420,135,105,03,15,baseline
1665066277,420,136,293,03,15,baseline
1665066349,420,137,24,03,15,baseline
1665066936,420,138,228,03,15,baseline
1665067567,420,139,243,03,15,baseline
1665068025,420,140,176,03,15,baseline
1665068224,420,141,72,03,15,baseline
1665068825,420,142,230,03,15,baseline
1665069399,420,143,221,03,15,baseline
1665070116,420,144,279,03,15,baseline
1665070573,420,145,176,03,15,baseline
1665070954,420,146,146,03,15,baseline
1665071606,420,147,253,03,15,baseline
1665072089,420,148,186,03,15,baseline
1665072625,420,149,207,03,15,baseline
1665072817,420,150,71,03,15,baseline
1665073115,420,151,113,03,15,baseline
1665073599,420,152,186,03,15,baseline
1665073657,420,153,06,03,15,baseline
1665074293,420,154,243,03,15,baseline
1665074850,420,155,214,03,15,baseline
1665075481,420,156,244,03,15,baseline
1665075787,420,157,116,03,15,baseline
1665076124,420,158,128,03,15,baseline
1665079174,420,159,1195,03,15,baseline
1665079292,420,160,42,03,15,baseline
1665079885,420,161,228,03,15,baseline
1665080536,420,162,251,03,15,baseline
1665081391,420,163,331,03,15,baseline
1665081591,420,164,74,03,15,baseline
1665084492,420,165,1130,03,15,baseline
1665086027,420,166,593,03,15,baseline
1665086051,420,167,03,03,15,baseline
1665086053,420,168,01,03,15,baseline
1665086096,420,169,12,03,15,baseline
1665087507,420,170,547,03,15,baseline
1665088130,420,171,235,03,15,baseline
1665088384,420,172,92,03,15,baseline
1665088606,420,173,81,03,15,baseline
1665089852,420,174,480,03,15,baseline
1665091771,420,175,743,03,15,baseline
1665092227,420,176,173,03,15,baseline
1665092603,420,177,142,03,15,baseline
1665092898,420,178,108,03,15,baseline
1665093870,420,179,373,03,15,baseline
1665094607,420,180,280,03,15,baseline
1665096838,420,181,862,03,15,baseline
1665096948,420,182,36,03,15,baseline
1665144063,420,01,00,03,15,baseline
1665144097,420,02,00,02,15,baseline
1665144222,420,03,00,02,15,baseline
1665144632,420,04,00,02,15,baseline
1665145120,420,05,00,02,15,baseline
1665146168,420,06,00,02,15,baseline
1665146863,420,07,00,02,15,baseline
1665147288,420,08,00,02,15,baseline
1665148368,420,09,00,02,15,baseline
1665148465,420,10,00,02,15,baseline
1665149350,420,11,00,02,15,baseline
1665149778,420,12,00,02,15,baseline
1665150191,420,13,00,02,15,baseline
1665150615,420,14,00,02,15,baseline
1665150922,420,15,00,02,15,baseline
1665151415,420,16,00,02,15,baseline
1665152076,420,17,00,02,15,baseline
1665152385,420,18,00,02,15,baseline
1665153058,420,19,00,02,15,baseline
1665153306,420,20,00,02,15,baseline
1665153415,420,21,00,02,15,baseline
1665153870,420,22,00,02,15,baseline
1665154146,420,23,00,02,15,baseline
1665154721,420,24,00,02,15,baseline
1665155178,420,25,00,02,15,baseline
1665155327,420,26,00,02,15,baseline
1665156013,420,27,00,02,15,baseline
1665156113,420,28,00,02,15,baseline
1665156182,420,29,00,02,15,baseline
1665156962,420,30,00,02,15,baseline
1665157061,420,31,00,02,15,baseline
1665157621,420,32,00,02,15,baseline
1665160063,420,33,00,02,15,baseline
1665160086,420,34,00,02,15,baseline
1665160119,420,35,00,02,15,baseline
1665160140,420,36,00,02,15,baseline
1665162824,420,37,00,02,15,baseline
1665163332,420,38,00,02,15,baseline
1665163863,420,39,00,02,15,baseline
1665164491,420,40,00,02,15,baseline
1665164622,420,41,00,02,15,baseline
1665164716,420,42,00,02,15,baseline
1665165279,420,43,00,02,15,baseline
1665165958,420,44,00,02,15,baseline
1665166919,420,45,00,02,15,baseline
1665167214,420,46,00,02,15,baseline
1665167817,420,47,00,02,15,baseline
1665168315,420,48,00,02,15,baseline
1665172584,420,49,00,02,15,baseline
1665172609,420,50,00,02,15,baseline
1665173420,420,51,00,02,15,baseline
1665173594,420,52,00,02,15,baseline
1665173634,420,53,00,02,15,baseline
1665176869,420,54,00,02,15,baseline
1665177462,420,55,00,02,15,baseline
1665177714,420,56,00,02,15,baseline
1665178037,420,57,00,02,15,baseline
1665178131,420,58,00,02,15,baseline
1665178659,420,59,00,02,15,baseline
1665230401,420,01,00,04,15,baseline
1665230431,420,02,00,04,15,baseline
1665231285,420,03,00,04,15,baseline
1665232110,420,04,00,04,15,baseline
1665232804,420,05,00,04,15,baseline
1665233315,420,06,00,04,15,baseline
1665233741,420,07,00,04,15,baseline
1665234181,420,08,00,04,15,baseline
1665235050,420,09,00,04,15,baseline
1665235950,420,10,00,04,15,baseline
1665236627,420,11,00,04,15,baseline
1665237097,420,12,00,04,15,baseline
1665237221,420,13,00,04,15,baseline
1665237554,420,14,00,04,15,baseline
1665238121,420,15,00,04,15,baseline
1665238297,420,16,00,04,15,baseline
1665238921,420,17,00,04,15,baseline
1665240024,420,18,00,04,15,baseline
1665240282,420,19,00,04,15,baseline
1665240582,420,20,00,04,15,baseline
1665241284,420,21,00,04,15,baseline
1665242170,420,22,00,04,15,baseline
1665243178,420,23,00,04,15,baseline
1665243509,420,24,00,04,15,baseline
1665243945,420,25,00,04,15,baseline
1665244565,420,26,00,04,15,baseline
1665245056,420,27,00,04,15,baseline
1665245428,420,28,00,04,15,baseline
1665246050,420,29,00,04,15,baseline
1665246862,420,30,00,04,15,baseline
1665247434,420,31,00,04,15,baseline
1665248288,420,32,00,04,15,baseline
1665248933,420,33,00,04,15,baseline
1665249196,420,34,00,04,15,baseline
1665249689,420,35,00,04,15,baseline
1665250214,420,36,00,04,15,baseline
1665250680,420,37,00,04,15,baseline
1665251192,420,38,00,04,15,baseline
1665251513,420,39,00,04,15,baseline
1665252316,420,40,00,04,15,baseline
1665253059,420,41,00,04,15,baseline
1665253683,420,42,00,04,15,baseline
1665254031,420,43,00,04,15,baseline
1665255554,420,44,00,04,15,baseline
1665256986,420,45,00,04,15,baseline
1665257007,420,46,00,04,15,baseline
1665257068,420,47,00,04,15,baseline
1665259961,420,48,00,04,15,baseline
1665259982,420,49,00,04,15,baseline
1665260436,420,50,00,04,15,baseline
1665260856,420,51,00,04,15,baseline
1665261556,420,52,00,04,15,baseline
1665261823,420,53,00,04,15,baseline
1665262639,420,54,00,04,15,baseline
1665263685,420,55,00,04,15,baseline
1665263765,420,56,00,04,15,baseline
1665267786,420,57,00,04,15,baseline
1665267844,420,58,00,04,15,baseline
1665267913,420,59,00,04,15,baseline
1665268319,420,60,00,04,15,baseline
1665269329,420,61,00,04,15,baseline
1665269984,420,62,00,04,15,baseline
1665316801,420,63,00,04,15,baseline
1665316859,420,64,00,04,15,baseline
1665316881,420,65,00,04,15,baseline
1665316930,420,66,00,04,15,baseline
1665318093,420,67,00,04,15,baseline
1665318432,420,68,00,04,15,baseline
1665320287,420,69,00,04,15,baseline
1665320951,420,70,00,04,15,baseline
1665322048,420,71,00,04,15,baseline
1665322531,420,72,00,04,15,baseline
1665323270,420,73,00,04,15,baseline
1665323834,420,74,00,04,15,baseline
1665324470,420,75,00,04,15,baseline
1665325112,420,76,00,04,15,baseline
1665325819,420,77,00,04,15,baseline
1665326389,420,78,00,04,15,baseline
1665326696,420,79,00,04,15,baseline
1665327183,420,80,00,04,15,baseline
1665327863,420,81,00,04,15,baseline
1665328176,420,82,00,04,15,baseline
1665328427,420,83,00,04,15,baseline
1665329360,420,84,00,04,15,baseline
1665329616,420,85,00,04,15,baseline
1665330227,420,86,00,04,15,baseline
1665331042,420,87,00,04,15,baseline
1665331941,420,88,00,04,15,baseline
1665332408,420,89,00,04,15,baseline
1665333198,420,90,00,04,15,baseline
1665334722,420,91,00,04,15,baseline
1665335458,420,92,00,04,15,baseline
1665335857,420,93,00,04,15,baseline
1665336873,420,94,00,04,15,baseline
1665339191,420,95,00,04,15,baseline
1665342456,420,96,00,04,15,baseline
1665342463,420,97,00,04,15,baseline
1665343953,420,98,00,04,15,baseline
1665344362,420,99,00,04,15,baseline
1665345324,420,100,00,04,15,baseline
1665345490,420,101,00,04,15,baseline
1665347940,420,102,00,04,15,baseline
1665347960,420,103,00,04,15,baseline
1665347983,420,104,00,04,15,baseline
1665349138,420,105,00,04,15,baseline
1665349816,420,106,00,04,15,baseline
1665350629,420,107,00,04,15,baseline
1665353509,420,108,00,04,15,baseline
1665353556,420,109,00,04,15,baseline
1665356287,420,110,00,04,15,baseline
1665367954,420,111,00,04,15,baseline
1665388542,420,112,00,04,15,baseline
1665403216,420,113,00,04,15,baseline
1665403540,420,114,00,04,15,baseline
1665403601,420,115,00,04,15,baseline
1665404687,420,116,00,04,15,baseline
1665405337,420,117,00,04,15,baseline
1665405922,420,118,00,04,15,baseline
1665406678,420,119,00,04,15,baseline
1665407187,420,120,00,04,15,baseline
1665407639,420,121,00,04,15,baseline
1665408360,420,122,00,04,15,baseline
1665409271,420,123,00,04,15,baseline
1665410411,420,124,00,04,15,baseline
1665410980,420,125,00,04,15,baseline
1665410983,420,126,00,04,15,baseline
1665411015,420,127,00,04,15,baseline
1665411287,420,128,00,04,15,baseline
1665411561,420,129,00,04,15,baseline
1665412291,420,130,00,04,15,baseline
1665412748,420,131,00,04,15,baseline
1665414174,420,132,00,04,15,baseline
1665414319,420,133,00,04,15,baseline
1665414481,420,134,00,04,15,baseline
1665414871,420,135,00,04,15,baseline
1665415210,420,136,00,04,15,baseline
1665415510,420,137,00,04,15,baseline
1665416546,420,138,00,04,15,baseline
1665419549,420,139,00,04,15,baseline
1665419584,420,140,00,04,15,baseline
1665420075,420,141,00,04,15,baseline
1665420126,420,142,00,04,15,baseline
1665420146,420,143,00,04,15,baseline
1665420578,420,144,00,04,15,baseline
1665420598,420,145,00,04,15,baseline
1665421006,420,146,00,04,15,baseline
1665421892,420,147,00,04,15,baseline
1665424491,420,148,00,04,15,baseline
1665424535,420,149,00,04,15,baseline
1665426515,420,150,00,04,15,baseline
1665426981,420,151,00,04,15,baseline
1665427574,420,152,00,04,15,baseline
1665428125,420,153,00,04,15,baseline
1665428333,420,154,00,04,15,baseline
1665428549,420,155,00,04,15,baseline
1665429744,420,156,00,04,15,baseline
1665434795,420,157,00,04,15,baseline
1665436459,420,158,00,04,15,baseline
1665436504,420,159,00,04,15,baseline
1665436507,420,160,00,04,15,baseline
1665436545,420,161,00,04,15,baseline
1665436614,420,162,00,04,15,baseline
1665437103,420,163,00,04,15,baseline
1665437270,420,164,00,04,15,baseline
1665437382,420,165,00,04,15,baseline
1665439044,420,166,00,04,15,baseline
1665439306,420,167,00,04,15,baseline
1665441585,420,168,00,04,15,baseline
1665441799,420,169,00,04,15,baseline
1665497059,420,01,00,00,01,baseline
1665497724,420,02,00,04,15,baseline
1665498060,420,03,00,04,15,baseline
1665498237,420,04,00,04,15,baseline
1665498592,420,05,00,04,15,baseline
1665499120,420,06,00,04,15,baseline
1665499914,420,07,00,04,15,baseline
1665500222,420,08,00,04,15,baseline
1665500821,420,09,00,04,15,baseline
1665501210,420,10,00,04,15,baseline
1665501305,420,11,00,03,15,baseline
1665501725,420,12,00,03,15,baseline
1665502160,420,13,00,04,15,baseline
1665502534,420,14,00,03,15,baseline
1665503273,420,15,00,03,15,baseline
1665503547,420,16,00,03,15,baseline
1665503656,420,17,00,03,15,baseline
1665503774,420,18,00,03,15,baseline
1665504524,420,19,00,03,15,baseline
1665504843,420,20,00,04,15,baseline
1665505212,420,21,00,04,15,baseline
1665505936,420,22,00,03,15,baseline
1665506699,420,23,00,03,15,baseline
1665507036,420,24,00,03,15,baseline
1665507264,420,25,00,03,15,baseline
1665507714,420,26,00,03,15,baseline
1665510547,420,27,00,03,15,baseline
1665510576,420,28,00,03,15,baseline
1665510617,420,29,00,03,15,baseline
1665512267,420,30,00,03,15,baseline
1665513054,420,31,00,03,15,baseline
1665513633,420,32,00,03,15,baseline
1665513668,420,33,00,03,15,baseline
1665513711,420,34,00,03,15,baseline
1665513795,420,35,00,03,15,baseline
1665514069,420,36,00,03,15,baseline
1665514410,420,37,00,03,15,baseline
1665515078,420,38,00,03,15,baseline
1665515304,420,39,00,03,15,baseline
1665516043,420,40,00,03,15,baseline
1665519965,420,41,00,03,15,baseline
1665522224,420,42,00,03,15,baseline
1665522549,420,43,00,03,15,baseline
1665522790,420,44,00,03,15,baseline
1665523185,420,45,00,03,15,baseline
1665523641,420,46,00,03,15,baseline
1665523703,420,47,00,03,15,baseline
1665525888,420,48,00,03,15,baseline
1665527272,420,49,00,03,15,baseline
1665527332,420,50,00,03,15,baseline
1665527811,420,51,00,03,15,baseline
1665528002,420,52,00,03,15,baseline
1665529295,420,53,00,03,15,baseline
1665576009,420,54,00,03,15,baseline
1665576089,420,55,00,03,15,baseline
1665576091,420,56,00,03,15,baseline
1665576785,420,57,00,03,15,baseline
1665576791,420,58,00,03,15,baseline
1665576824,420,59,00,03,15,baseline
1665577589,420,60,00,03,15,baseline
1665579379,420,61,00,03,15,baseline
1665580021,420,62,00,03,15,baseline
1665580411,420,63,00,03,15,baseline
1665581141,420,64,00,03,15,baseline
1665581321,420,65,00,03,15,baseline
1665582211,420,66,00,03,15,baseline
1665582366,420,67,00,03,15,baseline
1665583453,420,68,00,03,15,baseline
1665584023,420,69,00,03,15,baseline
1665584290,420,70,00,03,15,baseline
1665584636,420,71,00,03,15,baseline
1665585244,420,72,00,03,15,baseline
1665585565,420,73,00,03,15,baseline
1665585912,420,74,00,03,15,baseline
1665586114,420,75,00,03,15,baseline
1665586897,420,76,00,03,15,baseline
1665587517,420,77,00,03,15,baseline
1665587833,420,78,00,03,15,baseline
1665588255,420,79,00,03,15,baseline
1665588920,420,80,00,03,15,baseline
1665589197,420,81,00,03,15,baseline
1665589286,420,82,00,03,15,baseline
1665589461,420,83,00,03,15,baseline
1665590367,420,84,00,03,15,baseline
1665591234,420,85,00,03,15,baseline
1665591772,420,86,00,03,15,baseline
1665592006,420,87,00,03,15,baseline
1665593181,420,88,00,03,15,baseline
1665593654,420,89,00,03,15,baseline
1665594363,420,90,00,03,15,baseline
1665595119,420,91,00,03,15,baseline
1665598551,420,92,00,03,15,baseline
1665598779,420,93,00,03,15,baseline
1665599158,420,94,00,03,15,baseline
1665599180,420,95,00,03,15,baseline
1665599616,420,96,00,03,15,baseline
1665602776,420,97,00,03,15,baseline
1665604649,420,98,00,03,15,baseline
1665604946,420,99,00,03,15,baseline
1665605859,420,100,00,03,15,baseline
1665606263,420,101,00,03,15,baseline
1665606790,420,102,00,03,15,baseline
1665609996,420,103,00,03,15,baseline
1665610271,420,104,00,03,15,baseline
1665610689,420,105,00,03,15,baseline
1665610941,420,106,00,03,15,baseline
1665611580,420,107,00,03,15,baseline
1665611671,420,108,00,03,15,baseline
1665611845,420,109,00,03,15,baseline
1665612803,420,110,00,03,15,baseline
1665615107,420,111,00,03,15,baseline
1665615662,420,112,00,03,15,baseline
1665617617,420,113,00,03,15,baseline
1665619183,420,114,00,03,15,baseline
1665662402,420,115,00,02,15,baseline
1665663344,420,116,00,02,15,baseline
1665663937,420,117,00,02,15,baseline
1665664361,420,01,00,00,01,baseline
1665664428,420,01,00,00,01,baseline
1665666069,420,02,00,02,15,baseline
1665667231,420,03,00,02,15,baseline
1665668154,420,04,00,02,15,baseline
1665668500,420,05,00,02,15,baseline
1665669129,420,06,00,02,15,baseline
1665669508,420,07,00,02,15,baseline
1665670083,420,08,00,02,15,baseline
1665670474,420,09,00,02,15,baseline
1665671149,420,10,00,02,15,baseline
1665671838,420,11,00,02,15,baseline
1665672101,420,12,00,02,15,baseline
1665672733,420,13,00,02,15,baseline
1665672753,420,14,00,02,15,baseline
1665673594,420,15,00,02,15,baseline
1665673626,420,16,00,02,15,baseline
1665673628,420,17,00,02,15,baseline
1665674241,420,18,00,02,15,baseline
1665674487,420,19,00,02,15,baseline
1665674632,420,20,00,02,15,baseline
1665675144,420,21,00,02,15,baseline
1665675535,420,22,00,02,15,baseline
1665676024,420,23,00,02,15,baseline
1665676739,420,24,00,02,15,baseline
1665677061,420,25,00,02,15,baseline
1665677458,420,26,00,02,15,baseline
1665678240,420,27,00,02,15,baseline
1665679885,420,28,00,02,15,baseline
1665681268,420,29,00,02,15,baseline
1665681294,420,30,00,02,15,baseline
1665681357,420,31,00,02,15,baseline
1665683435,420,32,00,02,15,baseline
1665684258,420,33,00,02,15,baseline
1665684618,420,34,00,02,15,baseline
1665684739,420,35,00,02,15,baseline
1665684900,420,36,00,02,15,baseline
1665686133,420,37,00,02,15,baseline
1665686420,420,38,00,02,15,baseline
1665690378,420,39,00,02,15,baseline
1665690598,420,40,00,02,15,baseline
1665690696,420,41,00,02,15,baseline
1665691625,420,42,00,02,15,baseline
1665691645,420,43,00,02,15,baseline
1665691665,420,44,00,02,15,baseline
1665692355,420,45,00,02,15,baseline
1665695669,420,46,00,02,15,baseline
1665696406,420,47,00,02,15,baseline
1665697280,420,48,00,02,15,baseline
1665698325,420,49,00,02,15,baseline
1665700618,420,50,00,02,15,baseline
1665700796,420,51,00,02,15,baseline
1665701363,420,52,00,02,15,baseline
1665701912,420,53,00,02,15,baseline
1665748804,420,54,00,02,15,baseline
1665749208,420,55,00,02,15,baseline
1665749244,420,56,00,02,15,baseline
1665749286,420,57,00,02,15,baseline
1665751310,420,58,00,02,15,baseline
1665752581,420,59,00,02,15,baseline
1665753174,420,60,00,02,15,baseline
1665754025,420,61,00,02,15,baseline
1665754759,420,62,00,02,15,baseline
1665755244,420,63,00,02,15,baseline
1665756110,420,64,00,02,15,baseline
1665756586,420,65,00,02,15,baseline
1665756832,420,66,00,02,15,baseline
1665757199,420,67,00,02,15,baseline
1665757980,420,68,00,02,15,baseline
1665758319,420,69,00,02,15,baseline
1665758868,420,70,00,02,15,baseline
1665759134,420,71,00,02,15,baseline
1665759822,420,72,00,02,15,baseline
1665760159,420,73,00,02,15,baseline
1665761371,420,74,00,02,15,baseline
1665761509,420,75,00,02,15,baseline
1665761914,420,76,00,02,15,baseline
1665762241,420,77,00,02,15,baseline
1665762536,420,78,00,02,15,baseline
1665762749,420,79,00,02,15,baseline
1665763208,420,80,00,02,15,baseline
1665764487,420,81,00,02,15,baseline
1665764509,420,82,00,02,15,baseline
1665764786,420,83,00,02,15,baseline
1665765056,420,84,00,02,15,baseline
1665765677,420,85,00,02,15,baseline
1665765909,420,86,00,02,15,baseline
1665766038,420,87,00,02,15,baseline
1665766705,420,88,00,02,15,baseline
1665767148,420,89,00,02,15,baseline
1665767449,420,90,00,02,15,baseline
1665768342,420,91,00,02,15,baseline
1665769007,420,92,00,02,15,baseline
1665769868,420,93,00,02,15,baseline
1665770636,420,94,00,02,15,baseline
1665771007,420,95,00,02,15,baseline
1665774515,420,96,00,02,15,baseline
1665774953,420,97,00,02,15,baseline
1665775083,420,98,00,02,15,baseline
1665775121,420,99,00,02,15,baseline
1665775206,420,100,00,02,15,baseline
1665775588,420,101,00,02,15,baseline
1665779361,420,102,00,02,15,baseline
1665781086,420,103,00,02,15,baseline
1665781159,420,104,00,02,15,baseline
1665781447,420,105,00,02,15,baseline
1665782189,420,106,00,02,15,baseline
1665782351,420,107,00,02,15,baseline
1665782518,420,108,00,02,15,baseline
1665783295,420,109,00,02,15,baseline
1665786223,420,110,00,02,15,baseline
1665786776,420,111,00,02,15,baseline
1665787443,420,112,00,02,15,baseline
1665787698,420,113,00,02,15,baseline
1665788217,420,114,00,02,15,baseline
1665788356,420,115,00,02,15,baseline
1665835202,420,116,00,02,15,baseline
1665835741,420,117,00,02,15,baseline
1665836159,420,118,00,02,15,baseline
1665837052,420,119,00,02,15,baseline
1665837542,420,120,00,02,15,baseline
1665838436,420,121,00,02,15,baseline
1665838658,420,122,00,02,15,baseline
1665839213,420,01,00,04,15,baseline
1665839240,420,02,00,04,15,baseline
1665840673,420,03,00,04,15,baseline
1665841456,420,04,00,04,15,baseline
1665841983,420,05,00,04,15,baseline
1665842811,420,06,00,04,15,baseline
1665843355,420,07,00,04,15,baseline
1665844394,420,08,00,04,15,baseline
1665844766,420,09,00,04,15,baseline
1665845128,420,10,00,04,15,baseline
1665845365,420,11,00,04,15,baseline
1665845942,420,12,00,04,15,baseline
1665846354,420,13,00,04,15,baseline
1665846512,420,14,00,04,15,baseline
1665846682,420,15,00,04,15,baseline
1665847167,420,16,00,04,15,baseline
1665847806,420,17,00,04,15,baseline
1665848333,420,18,00,04,15,baseline
1665848664,420,19,00,04,15,baseline
1665848970,420,20,00,04,15,baseline
1665849094,420,21,00,04,15,baseline
1665849498,420,22,00,04,15,baseline
1665849834,420,23,00,04,15,baseline
1665850071,420,24,00,04,15,baseline
1665850693,420,25,00,04,15,baseline
1665851109,420,26,00,04,15,baseline
1665851554,420,27,00,04,15,baseline
1665852012,420,28,00,04,15,baseline
1665852543,420,29,00,04,15,baseline
1665856802,420,30,00,04,15,baseline
1665857036,420,31,00,04,15,baseline
1665857296,420,32,00,04,15,baseline
1665857616,420,33,00,04,15,baseline
1665857824,420,34,00,04,15,baseline
1665858412,420,35,00,04,15,baseline
1665858975,420,36,00,04,15,baseline
1665859337,420,37,00,04,15,baseline
1665859872,420,38,00,04,15,baseline
1665860015,420,39,00,04,15,baseline
1665861243,420,40,00,04,15,baseline
1665865963,420,41,00,04,15,baseline
1665867964,420,42,00,04,15,baseline
1665868395,420,43,00,04,15,baseline
1665868450,420,44,00,04,15,baseline
1665868641,420,45,00,04,15,baseline
1665868827,420,46,00,04,15,baseline
1665869566,420,47,00,04,15,baseline
1665870967,420,48,00,04,15,baseline
1665871889,420,49,00,04,15,baseline
1665871969,420,50,00,04,15,baseline
1665872866,420,51,00,04,15,baseline
1665873892,420,52,00,04,15,baseline
1665874329,420,53,00,04,15,baseline
1665878219,420,54,00,04,15,baseline
1665921601,420,55,00,04,15,baseline
1665921765,420,56,00,04,15,baseline
1665922841,420,57,00,04,15,baseline
1665923904,420,58,00,04,15,baseline
1665925117,420,59,00,04,15,baseline
1665925616,420,60,00,04,15,baseline
1665926404,420,61,00,04,15,baseline
1665927095,420,62,00,04,15,baseline
1665927644,420,63,00,04,15,baseline
1665928140,420,64,00,04,15,baseline
1665928877,420,65,00,04,15,baseline
1665929786,420,66,00,04,15,baseline
1665929959,420,67,00,04,15,baseline
1665930404,420,68,00,04,15,baseline
1665931161,420,69,00,04,15,baseline
1665931691,420,70,00,04,15,baseline
1665932032,420,71,00,04,15,baseline
1665932452,420,72,00,04,15,baseline
1665932863,420,73,00,04,15,baseline
1665933359,420,74,00,04,15,baseline
1665933669,420,75,00,04,15,baseline
1665934020,420,76,00,04,15,baseline
1665934669,420,77,00,04,15,baseline
1665935144,420,78,00,04,15,baseline
1665935701,420,79,00,04,15,baseline
1665936211,420,80,00,04,15,baseline
1665937034,420,81,00,04,15,baseline
1665937903,420,82,00,04,15,baseline
1665938418,420,83,00,04,15,baseline
1665938575,420,84,00,04,15,baseline
1665939111,420,85,00,04,15,baseline
1665939831,420,86,00,04,15,baseline
1665940895,420,87,00,04,15,baseline
1665941312,420,88,00,04,15,baseline
1665941535,420,89,00,04,15,baseline
1665942416,420,90,00,04,15,baseline
1665942616,420,91,00,04,15,baseline
1665943723,420,92,00,04,15,baseline
1665943747,420,93,00,04,15,baseline
1665946338,420,94,00,04,15,baseline
1665948751,420,95,00,04,15,baseline
1665949248,420,96,00,04,15,baseline
1665949572,420,97,00,04,15,baseline
1665949834,420,98,00,04,15,baseline
1665953152,420,99,00,04,15,baseline
1665953231,420,100,00,04,15,baseline
1665954085,420,101,00,04,15,baseline
1665954439,420,102,00,04,15,baseline
1665954649,420,103,00,04,15,baseline
1665957172,420,104,00,04,15,baseline
1665957282,420,105,00,04,15,baseline
1665958427,420,106,00,04,15,baseline
1665959352,420,107,00,04,15,baseline
1665960638,420,108,00,04,15,baseline
1666008010,420,109,00,04,15,baseline
1666008049,420,110,00,04,15,baseline
1666009356,420,111,00,04,15,baseline
1666009378,420,112,00,04,15,baseline
1666010917,420,113,00,04,15,baseline
1666011716,420,114,00,04,15,baseline
1666012846,420,115,00,04,15,baseline
1666013397,420,116,00,04,15,baseline
1666014057,420,117,00,04,15,baseline
1666014730,420,118,00,04,15,baseline
1666014834,420,119,00,04,15,baseline
1666016075,420,120,00,04,15,baseline
1666016649,420,121,00,04,15,baseline
1666017019,420,122,00,04,15,baseline
1666017768,420,123,00,04,15,baseline
1666018039,420,124,00,04,15,baseline
1666018439,420,125,00,04,15,baseline
1666018841,420,126,00,04,15,baseline
1666019151,420,127,00,04,15,baseline
1666019248,420,128,00,04,15,baseline
1666019991,420,129,00,04,15,baseline
1666020775,420,130,00,04,15,baseline
1666021094,420,131,00,04,15,baseline
1666021423,420,132,00,04,15,baseline
1666021651,420,133,00,04,15,baseline
1666021947,420,134,00,04,15,baseline
1666022118,420,135,00,04,15,baseline
1666022280,420,136,00,04,15,baseline
1666023144,420,137,00,04,15,baseline
1666023315,420,138,00,04,15,baseline
1666023616,420,139,00,04,15,baseline
1666024274,420,140,00,04,15,baseline
1666024570,420,141,00,04,15,baseline
1666025548,420,142,00,04,15,baseline
1666026133,420,143,00,04,15,baseline
1666026232,420,144,00,04,15,baseline
1666027380,420,145,00,04,15,baseline
1666028635,420,146,00,04,15,baseline
1666030665,420,147,00,04,15,baseline
1666031148,420,148,00,04,15,baseline
1666031867,420,149,00,04,15,baseline
1666032334,420,150,00,04,15,baseline
1666032552,420,151,00,04,15,baseline
1666032948,420,152,00,04,15,baseline
1666036507,420,153,00,04,15,baseline
1666038480,420,154,00,04,15,baseline
1666038500,420,155,00,04,15,baseline
1666038520,420,156,00,04,15,baseline
1666039029,420,157,00,04,15,baseline
1666039211,420,158,00,04,15,baseline
1666039456,420,159,00,04,15,baseline
1666039652,420,160,00,04,15,baseline
1666040132,420,161,00,04,15,baseline
1666040153,420,162,00,04,15,baseline
1666040710,420,163,00,04,15,baseline
1666041120,420,164,00,04,15,baseline
1666043856,420,165,00,04,15,baseline
1666043876,420,166,00,04,15,baseline
1666044485,420,167,00,04,15,baseline
1666045336,420,168,00,04,15,baseline
1666045620,420,169,00,04,15,baseline
1666046512,420,170,00,04,15,baseline
1666046589,420,171,00,04,15,baseline
1666046662,420,172,00,04,15,baseline
1666061248,420,173,00,04,15,baseline
1666094401,420,174,00,04,15,baseline
1666094464,420,175,00,04,15,baseline
1666094867,420,176,00,04,15,baseline
1666096330,420,177,00,04,15,baseline
1666097148,420,178,00,04,15,baseline
1666097304,420,179,00,04,15,baseline
1666098363,420,180,00,04,15,baseline
1666099276,420,181,00,04,15,baseline
1666099842,420,182,00,04,15,baseline
1666100460,420,183,00,04,15,baseline
1666101059,420,184,00,04,15,baseline
1666101825,420,185,00,04,15,baseline
1666102493,420,186,00,04,15,baseline
1666102738,420,187,00,04,15,baseline
1666102741,420,188,00,04,15,baseline
1666104297,420,189,00,04,15,baseline
1666104951,420,190,00,04,15,baseline
1666105493,420,191,00,04,15,baseline
1666105883,420,192,00,04,15,baseline
1666106740,420,193,00,04,15,baseline
1666107253,420,194,00,04,15,baseline
1666107874,420,195,00,04,15,baseline
1666108145,420,196,00,04,15,baseline
1666108867,420,197,00,04,15,baseline
1666109130,420,198,00,04,15,baseline
1666109815,420,199,00,04,15,baseline
1666110415,420,200,00,04,15,baseline
1666110826,420,201,00,04,15,baseline
1666111163,420,202,00,04,15,baseline
1666111597,420,203,00,04,15,baseline
1666111925,420,204,00,04,15,baseline
1666112238,420,205,00,04,15,baseline
1666112628,420,206,00,04,15,baseline
1666113102,420,207,00,04,15,baseline
1666113787,420,208,00,04,15,baseline
1666114440,420,209,00,04,15,baseline
1666114888,420,210,00,04,15,baseline
1666115411,420,211,00,04,15,baseline
1666119150,420,212,00,04,15,baseline
1666119890,420,213,00,04,15,baseline
1666119961,420,214,00,04,15,baseline
1666120300,420,215,00,04,15,baseline
1666120548,420,216,00,04,15,baseline
1666123253,420,217,00,04,15,baseline
1666124630,420,218,00,04,15,baseline
1666125194,420,219,00,04,15,baseline
1666125771,420,220,00,04,15,baseline
1666126264,420,221,00,04,15,baseline
1666126441,420,222,00,04,15,baseline
1666129287,420,223,00,04,15,baseline
1666129508,420,224,00,04,15,baseline
1666129986,420,225,00,04,15,baseline
1666130412,420,226,00,04,15,baseline
1666130749,420,227,00,03,15,baseline
1666131556,420,228,00,03,15,baseline
1666131985,420,229,00,03,15,baseline
1666132092,420,230,00,03,15,baseline
1666132740,420,231,00,03,15,baseline
1666133388,420,232,00,03,15,baseline
1666137002,420,233,00,03,15,baseline
1666180801,420,234,00,03,15,baseline
1666181377,420,235,00,03,15,baseline
1666181396,420,236,00,03,15,baseline
1666181444,420,237,00,03,15,baseline
1666181484,420,238,00,03,15,baseline
1666181504,420,239,00,03,15,baseline
1666182665,420,240,00,03,15,baseline
1666183088,420,241,00,03,15,baseline
1666183655,420,242,00,03,15,baseline
1666184001,420,243,00,03,15,baseline
946684801,420,01,00,00,01,baseline
1666184495,420,01,00,00,01,baseline
1666184541,420,02,00,04,15,baseline
1666185267,420,03,00,04,15,baseline
1666185355,420,04,00,04,15,baseline
1666185924,420,05,00,04,15,baseline
1666186494,420,06,00,04,15,baseline
1666187132,420,07,00,04,15,baseline
1666187536,420,08,00,04,15,baseline
1666187628,420,09,00,04,15,baseline
1666188407,420,10,00,04,15,baseline
1666188930,420,11,00,04,15,baseline
1666189512,420,12,00,04,15,baseline
1666189641,420,13,00,04,15,baseline
1666190131,420,14,00,04,15,baseline
1666191155,420,15,00,04,15,baseline
1666191333,420,16,00,04,15,baseline
1666192402,420,17,00,04,15,baseline
1666193196,420,18,00,04,15,baseline
1666193421,420,19,00,04,15,baseline
1666193741,420,20,00,04,15,baseline
1666194127,420,21,00,04,15,baseline
1666194713,420,22,00,04,15,baseline
1666194808,420,23,00,04,15,baseline
1666195155,420,24,00,04,15,baseline
1666195884,420,25,00,04,15,baseline
1666196044,420,26,00,04,15,baseline
1666196604,420,27,00,04,15,baseline
1666197519,420,28,00,04,15,baseline
1666198564,420,29,00,04,15,baseline
1666202511,420,30,00,04,15,baseline
1666202696,420,31,00,04,15,baseline
1666202787,420,32,00,04,15,baseline
1666202935,420,33,00,04,15,baseline
1666203177,420,34,00,04,15,baseline
1666204055,420,35,00,04,15,baseline
1666204798,420,36,00,04,15,baseline
1666208543,420,37,00,04,15,baseline
1666208981,420,38,00,04,15,baseline
1666209102,420,39,00,04,15,baseline
1666209607,420,40,00,04,15,baseline
1666210189,420,41,00,04,15,baseline
1666212024,420,42,00,04,15,baseline
1666212511,420,43,00,04,15,baseline
1666215075,420,44,00,04,15,baseline
1666215099,420,45,00,04,15,baseline
1666215859,420,46,00,04,15,baseline
1666216986,420,47,00,04,15,baseline
1666217045,420,48,00,04,15,baseline
1666217630,420,49,00,04,15,baseline
1666217718,420,50,00,04,15,baseline
1666220198,420,51,00,04,15,baseline
1666220300,420,52,00,04,15,baseline
1666220497,420,53,00,04,15,baseline
1666221965,420,54,00,04,15,baseline
1666223396,420,55,00,04,15,baseline
1666223431,420,56,00,04,15,baseline
1666223574,420,57,00,04,15,baseline
1666223903,420,58,00,04,15,baseline
1666267203,420,59,00,04,15,baseline
1666267594,420,60,00,04,15,baseline
1666267647,420,61,00,04,15,baseline
1666268566,420,62,00,04,15,baseline
1666269890,420,63,00,04,15,baseline
1666270919,420,64,00,04,15,baseline
1666271290,420,65,00,04,15,baseline
1666272195,420,66,00,04,15,baseline
1666272506,420,67,00,04,15,baseline
1666272877,420,68,00,04,15,baseline
1666273712,420,69,00,04,15,baseline
1666273951,420,70,00,04,15,baseline
1666274444,420,71,00,04,15,baseline
1666275118,420,72,00,04,15,baseline
1666276264,420,73,00,04,15,baseline
1666276759,420,74,00,04,15,baseline
1666276881,420,75,00,04,15,baseline
1666277314,420,76,00,04,15,baseline
1666277665,420,77,00,04,15,baseline
1666277853,420,78,00,04,15,baseline
1666277961,420,79,00,04,15,baseline
1666278342,420,80,00,04,15,baseline
1666278707,420,81,00,04,15,baseline
1666278928,420,82,00,04,15,baseline
1666279733,420,83,00,04,15,baseline
1666280051,420,84,00,04,15,baseline
1666280350,420,85,00,04,15,baseline
1666281009,420,86,00,04,15,baseline
1666281283,420,87,00,04,15,baseline
1666281519,420,88,00,04,15,baseline
1666281715,420,89,00,04,15,baseline
1666282134,420,90,00,04,15,baseline
1666282955,420,91,00,04,15,baseline
1666283939,420,92,00,04,15,baseline
1666284407,420,93,00,04,15,baseline
1666284462,420,94,00,04,15,baseline
1666284693,420,95,00,04,15,baseline
1666285019,420,96,00,04,15,baseline
1666285944,420,97,00,04,15,baseline
1666286141,420,98,00,04,15,baseline
1666286499,420,99,00,04,15,baseline
1666286983,420,100,00,04,15,baseline
1666287642,420,101,00,04,15,baseline
1666287850,420,102,00,04,15,baseline
1666288564,420,103,00,04,15,baseline
1666288848,420,104,00,04,15,baseline
1666289344,420,105,00,04,15,baseline
1666293377,420,106,00,04,15,baseline
1666293758,420,107,00,04,15,baseline
1666294457,420,108,00,04,15,baseline
1666294747,420,109,00,04,15,baseline
1666294925,420,110,00,04,15,baseline
1666295512,420,111,00,04,15,baseline
1666298943,420,112,00,04,15,baseline
1666300561,420,113,00,04,15,baseline
1666300584,420,114,00,04,15,baseline
1666300971,420,115,00,04,15,baseline
1666301446,420,116,00,04,15,baseline
1666301539,420,117,00,04,15,baseline
1666301755,420,118,00,04,15,baseline
1666301794,420,119,00,04,15,baseline
1666302094,420,120,00,04,15,baseline
1666302980,420,121,00,04,15,baseline
1666303878,420,122,00,04,15,baseline
1666306947,420,123,00,04,15,baseline
1666307093,420,124,00,04,15,baseline
1666307575,420,125,00,04,15,baseline
1666307889,420,126,00,04,15,baseline
1666308604,420,127,00,04,15,baseline
1666309130,420,128,00,04,15,baseline
1666309668,420,129,00,04,15,baseline
1666353610,420,130,00,04,15,baseline
1666353640,420,131,00,04,15,baseline
1666353667,420,132,00,04,15,baseline
1666354731,420,133,00,04,15,baseline
1666355690,420,134,00,04,15,baseline
1666356569,420,135,00,04,15,baseline
1666356697,420,136,00,04,15,baseline
1666357091,420,137,00,04,15,baseline
1666357741,420,138,00,04,15,baseline
1666358250,420,139,00,04,15,baseline
1666358904,420,140,00,04,15,baseline
1666359733,420,141,00,04,15,baseline
1666360339,420,142,00,04,15,baseline
1666360573,420,143,00,04,15,baseline
1666360939,420,144,00,04,15,baseline
1666361471,420,145,00,04,15,baseline
1666361715,420,146,00,04,15,baseline
1666362048,420,147,00,04,15,baseline
1666362314,420,148,00,04,15,baseline
1666363266,420,149,00,04,15,baseline
1666363518,420,150,00,04,15,baseline
1666363729,420,151,00,04,15,baseline
1666364533,420,152,00,04,15,baseline
1666364898,420,153,00,04,15,baseline
1666365221,420,154,00,04,15,baseline
1666365506,420,155,00,04,15,baseline
1666365905,420,156,00,04,15,baseline
1666366361,420,157,00,04,15,baseline
1666367183,420,158,00,04,15,baseline
1666367293,420,159,00,04,15,baseline
1666367694,420,160,00,04,15,baseline
1666368003,420,161,00,04,15,baseline
1666368398,420,162,00,04,15,baseline
1666368668,420,163,00,04,15,baseline
1666369331,420,164,00,04,15,baseline
1666369921,420,165,00,04,15,baseline
1666370313,420,166,00,04,15,baseline
1666370887,420,167,00,04,15,baseline
1666371744,420,168,00,04,15,baseline
1666372019,420,169,00,04,15,baseline
1666372944,420,170,00,04,15,baseline
1666373499,420,171,00,04,15,baseline
1666378186,420,172,00,04,15,baseline
1666378527,420,173,00,04,15,baseline
1666379176,420,174,00,04,15,baseline
1666379342,420,175,00,04,15,baseline
1666379704,420,176,00,04,15,baseline
1666379859,420,177,00,04,15,baseline
1666380353,420,178,00,04,15,baseline
1666381289,420,179,00,04,15,baseline
1666385346,420,180,00,04,15,baseline
1666385429,420,181,00,04,15,baseline
1666386301,420,182,00,04,15,baseline
1666386758,420,183,00,04,15,baseline
1666387132,420,184,00,04,15,baseline
1666387710,420,185,00,04,15,baseline
1666388489,420,186,00,04,15,baseline
1666391347,420,187,00,04,15,baseline
1666391424,420,188,00,04,15,baseline
1666391747,420,189,00,04,15,baseline
1666391769,420,190,00,04,15,baseline
1666392340,420,191,00,04,15,baseline
1666393236,420,192,00,04,15,baseline
1666393671,420,193,00,04,15,baseline
1666394443,420,194,00,04,15,baseline
1666440002,420,195,00,04,15,baseline
1666440504,420,196,00,04,15,baseline
1666441117,420,197,00,04,15,baseline
1666441137,420,198,00,04,15,baseline
1666441955,420,199,00,04,15,baseline
1666442636,420,200,00,04,15,baseline
1666442886,420,201,00,04,15,baseline
1666443685,420,202,00,04,15,baseline
1666444105,420,203,00,04,15,baseline
1666444683,420,204,00,04,15,baseline
1666445619,420,205,00,04,15,baseline
946684804,420,01,00,00,01,baseline
1666446376,420,01,00,00,01,baseline
946684858,420,01,00,04,01,baseline
946684898,420,02,00,04,01,baseline
946684918,420,03,00,04,01,baseline
946684936,420,04,00,04,01,baseline
946684958,420,01,00,00,01,baseline
1666699870,420,01,00,00,01,baseline
1666699945,420,02,00,04,15,baseline
1666699968,420,03,00,04,15,baseline
1666700053,420,04,00,04,15,baseline
1666700080,420,05,00,04,15,baseline
1666700151,420,06,00,04,15,baseline
1666700209,420,07,00,04,15,baseline
1666700277,420,08,00,04,15,baseline
1666700369,420,09,00,04,15,baseline
1666700409,420,10,00,04,15,baseline
1666700536,420,11,00,04,15,baseline
1666700559,420,12,00,04,15,baseline
1666700709,420,13,00,04,15,baseline
1666700947,420,14,00,04,15,baseline
1666700982,420,15,00,04,15,baseline
1666701048,420,16,00,04,15,baseline
1666701265,420,17,00,04,15,baseline
1666701297,420,18,00,04,15,baseline
1666701506,420,19,00,04,15,baseline
1666701553,420,20,00,04,15,baseline
1666701561,420,21,00,04,15,baseline
1666701563,420,22,00,04,15,baseline
1666701616,420,23,00,04,15,baseline
1666701649,420,24,00,04,15,baseline
1666701670,420,25,00,04,15,baseline
1666701694,420,26,00,04,15,baseline
1666701744,420,27,00,04,15,baseline
1666701763,420,28,00,04,15,baseline
1666701791,420,29,00,04,15,baseline
1666701873,420,30,00,04,15,baseline
1666701980,420,31,00,04,15,baseline
1666702009,420,32,00,04,15,baseline
1666702155,420,33,00,04,15,baseline
1666702187,420,34,00,04,15,baseline
1666702405,420,35,00,04,15,baseline
1666702408,420,36,00,04,15,baseline
1666702546,420,37,00,04,15,baseline
1666702645,420,38,00,04,15,baseline
1666702665,420,39,00,04,15,baseline
1666702715,420,40,00,04,15,baseline
1666702998,420,41,00,04,15,baseline
1666703160,420,42,00,04,15,baseline
1666703205,420,43,00,04,15,baseline
1666703207,420,44,00,04,15,baseline
1666703459,420,45,00,04,15,baseline
1666703647,420,46,00,04,15,baseline
1666703749,420,47,00,04,15,baseline
1666703799,420,48,00,04,15,baseline
1666703996,420,49,00,04,15,baseline
1666704004,420,50,00,04,15,baseline
1666704123,420,51,00,04,15,baseline
1666704371,420,52,00,04,15,baseline
1666704390,420,53,00,04,15,baseline
1666704498,420,54,00,04,15,baseline
1666704658,420,55,00,04,15,baseline
1666704866,420,56,00,04,15,baseline
1666705013,420,57,00,04,15,baseline
1666705324,420,58,00,04,15,baseline
1666705683,420,59,00,04,15,baseline
1666705783,420,60,00,04,15,baseline
1666705785,420,61,00,04,15,baseline
1666705806,420,62,00,04,15,baseline
1666705807,420,63,00,04,15,baseline
1666705810,420,64,00,04,15,baseline
1666705812,420,65,00,04,15,baseline
1666705816,420,66,00,04,15,baseline
1666705836,420,67,00,04,15,baseline
1666706059,420,68,00,04,15,baseline
1666706369,420,69,00,04,15,baseline
1666708121,420,70,00,04,15,baseline
1666708491,420,71,00,04,15,baseline
1666708515,420,72,00,04,15,baseline
1666708548,420,73,00,04,15,baseline
1666709463,420,74,00,04,15,baseline
1666709492,420,75,00,04,15,baseline
1666709605,420,76,00,04,15,baseline
1666709691,420,77,00,04,15,baseline
1666709823,420,78,00,04,15,baseline
1666710174,420,79,00,04,15,baseline
1666710276,420,80,00,04,15,baseline
1666710422,420,81,00,04,15,baseline
1666710451,420,82,00,04,15,baseline
1666710486,420,83,00,04,15,baseline
1666710527,420,84,00,04,15,baseline
1666710574,420,85,00,04,15,baseline
1666711101,420,86,00,04,15,baseline
1666711321,420,87,00,04,15,baseline
1666711778,420,88,00,04,15,baseline
1666711969,420,89,00,04,15,baseline
1666711994,420,90,00,04,15,baseline
1666712013,420,91,00,04,15,baseline
1666712037,420,92,00,04,15,baseline
1666712215,420,93,00,04,15,baseline
1666712479,420,94,00,04,15,baseline
1666712748,420,95,00,04,15,baseline
1666713132,420,96,00,04,15,baseline
1666713411,420,97,00,04,15,baseline
1666713702,420,98,00,04,15,baseline
1666714078,420,99,00,04,15,baseline
1666714773,420,100,00,04,15,baseline
1666714805,420,101,00,04,15,baseline
1666714839,420,102,00,04,15,baseline
1666715531,420,103,00,04,15,baseline
1666715767,420,104,00,04,15,baseline
1666715934,420,105,00,04,15,baseline
1666716037,420,106,00,04,15,baseline
1666716325,420,107,00,04,15,baseline
1666717165,420,108,00,04,15,baseline
1666717195,420,109,00,04,15,baseline
1666718040,420,110,00,04,15,baseline
1666718166,420,111,00,04,15,baseline
1666718368,420,112,00,04,15,baseline
1666719226,420,113,00,04,15,baseline
1666719473,420,114,00,04,15,baseline
1666720558,420,115,00,04,15,baseline
1666720966,420,116,00,04,15,baseline
1666721276,420,117,00,04,15,baseline
1666722531,420,118,00,04,15,baseline
1666723472,420,119,00,04,15,baseline
1666724115,420,120,00,04,15,baseline
1666725640,420,121,00,04,15,baseline
1666727137,420,122,00,04,15,baseline
1666727722,420,123,00,04,15,baseline
1666727924,420,124,00,04,15,baseline
1666728429,420,125,00,04,15,baseline
1666728464,420,126,00,04,15,baseline
1666728907,420,127,00,04,15,baseline
1666729095,420,128,00,04,15,baseline
1666729156,420,129,00,04,15,baseline
1666729510,420,130,00,04,15,baseline
1666731292,420,131,00,04,15,baseline
1666785607,420,132,00,04,15,baseline
1666786544,420,133,00,04,15,baseline
1666786695,420,134,00,04,15,baseline
1666787624,420,135,00,04,15,baseline
946684806,420,01,00,00,01,baseline
1666787888,420,01,00,00,01,baseline
1666787914,420,02,00,04,15,baseline
1666787937,420,03,00,04,15,baseline
1666787960,420,04,00,04,15,baseline
1666789108,420,05,00,04,15,baseline
1666789912,420,06,00,04,15,baseline
1666790253,420,07,00,04,15,baseline
1666790541,420,08,00,04,15,baseline
1666790790,420,09,00,04,15,baseline
1666790937,420,10,00,04,15,baseline
1666791145,420,11,00,04,15,baseline
1666791844,420,12,00,04,15,baseline
1666792021,420,13,00,04,15,baseline
1666792968,420,14,00,04,15,baseline
1666792989,420,15,00,04,15,baseline
1666793013,420,16,00,04,15,baseline
1666793433,420,17,00,04,15,baseline
1666793550,420,18,00,04,15,baseline
1666793820,420,19,00,04,15,baseline
1666794007,420,20,00,04,15,baseline
1666794262,420,21,00,04,15,baseline
1666794430,420,22,00,04,15,baseline
1666794983,420,23,00,04,15,baseline
1666795130,420,24,00,04,15,baseline
1666795654,420,25,00,04,15,baseline
1666795806,420,26,00,04,15,baseline
1666796083,420,27,00,04,15,baseline
1666796554,420,28,00,04,15,baseline
1666797254,420,29,00,04,15,baseline
1666797580,420,30,00,04,15,baseline
1666797620,420,31,00,04,15,baseline
1666798082,420,32,00,04,15,baseline
1666798626,420,33,00,04,15,baseline
1666798830,420,34,00,04,15,baseline
1666799182,420,35,00,04,15,baseline
1666799202,420,36,00,04,15,baseline
1666799330,420,37,00,04,15,baseline
1666799888,420,38,00,04,15,baseline
1666800067,420,39,00,04,15,baseline
1666800172,420,40,00,04,15,baseline
1666800585,420,41,00,04,15,baseline
1666800684,420,42,00,04,15,baseline
1666800941,420,43,00,04,15,baseline
1666801144,420,44,00,04,15,baseline
1666801187,420,45,00,04,15,baseline
1666801220,420,46,00,04,15,baseline
1666801800,420,47,00,04,15,baseline
1666801892,420,48,00,04,15,baseline
1666801959,420,49,00,04,15,baseline
1666802314,420,50,00,04,15,baseline
1666804289,420,51,00,04,15,baseline
1666804377,420,52,00,04,15,baseline
1666805057,420,53,00,04,15,baseline
1666805537,420,54,00,04,15,baseline
1666807817,420,55,00,04,15,baseline
1666808350,420,56,00,04,15,baseline
1666813079,420,57,00,04,15,baseline
1666816204,420,58,00,04,15,baseline
1666827569,420,59,00,04,15,baseline
1666872001,420,60,00,04,15,baseline
1666872807,420,61,00,04,15,baseline
1666880159,420,62,00,04,15,baseline
1666880328,420,63,00,04,15,baseline
1666881012,420,64,00,04,15,baseline
1666885154,420,65,00,04,15,baseline
1666885711,420,66,00,04,15,baseline
1666885754,420,67,00,04,15,baseline
1666885948,420,68,00,04,15,baseline
1666886633,420,69,00,04,15,baseline
1666886919,420,70,00,04,15,baseline
1666887037,420,71,00,04,15,baseline
1666887497,420,72,00,04,15,baseline
1666887753,420,73,00,04,15,baseline
1666887955,420,74,00,04,15,baseline
1666888077,420,75,00,04,15,baseline
1666888226,420,76,00,04,15,baseline
1666888423,420,77,00,04,15,baseline
1666888517,420,78,00,04,15,baseline
1666888675,420,79,00,04,15,baseline
1666889140,420,80,00,04,15,baseline
1666889284,420,81,00,04,15,baseline
1666889328,420,82,00,04,15,baseline
1666889809,420,83,00,04,15,baseline
1666890388,420,84,00,04,15,baseline
1666890550,420,85,00,04,15,baseline
1666890797,420,86,00,04,15,baseline
1666891122,420,87,00,04,15,baseline
1666891447,420,88,00,04,15,baseline
1666891932,420,89,00,04,15,baseline
1666892368,420,90,00,04,15,baseline
1666892555,420,91,00,04,15,baseline
1666892810,420,92,00,04,15,baseline
1666892949,420,93,00,04,15,baseline
1666893724,420,94,00,04,15,baseline
1666893751,420,95,00,04,15,baseline
1666894375,420,96,00,04,15,baseline
1666894863,420,97,00,04,15,baseline
1666896435,420,98,00,04,15,baseline
1666896454,420,99,00,04,15,baseline
1666896483,420,100,00,04,15,baseline
1666897563,420,101,00,04,15,baseline
1666897612,420,102,00,04,15,baseline
1666897631,420,103,00,04,15,baseline
1666897664,420,104,00,04,15,baseline
1666900789,420,105,00,04,15,baseline
1666901484,420,106,00,04,15,baseline
1666901720,420,107,00,04,15,baseline
1666902731,420,108,00,04,15,baseline
1666903032,420,109,00,04,15,baseline
1666904964,420,110,00,04,15,baseline
1666904984,420,111,00,04,15,baseline
1666905044,420,112,00,04,15,baseline
1666905239,420,113,00,04,15,baseline
1666906224,420,114,00,04,15,baseline
1666906617,420,115,00,04,15,baseline
1666907625,420,116,00,04,15,baseline
1666909902,420,117,00,04,15,baseline
1666909925,420,118,00,04,15,baseline
1666909950,420,119,00,04,15,baseline
1666909975,420,120,00,04,15,baseline
1666911865,420,121,00,04,15,baseline
1666911885,420,122,00,04,15,baseline
1666911912,420,123,00,04,15,baseline
1666911982,420,124,00,04,15,baseline
1666912002,420,125,00,04,15,baseline
1666912053,420,126,00,04,15,baseline
1666912472,420,127,00,04,15,baseline
1666913644,420,128,00,04,15,baseline
1666914005,420,129,00,04,15,baseline
1666914664,420,130,00,04,15,baseline
1666958401,420,131,00,04,15,baseline
1666959376,420,132,00,04,15,baseline
1666959644,420,133,00,04,15,baseline
1666959993,420,134,00,04,15,baseline
1666960363,420,135,00,04,15,baseline
1666960686,420,136,00,04,15,baseline
1666961192,420,137,00,04,15,baseline
1666961763,420,138,00,04,15,baseline
1666962468,420,139,00,04,15,baseline
1666962852,420,140,00,04,15,baseline
1666963197,420,141,00,04,15,baseline
1666963556,420,142,00,04,15,baseline
1666963741,420,143,00,04,15,baseline
1666964348,420,144,00,04,15,baseline
1666964644,420,145,00,04,15,baseline
1666964767,420,146,00,04,15,baseline
1666965043,420,147,00,04,15,baseline
1666965831,420,148,00,04,15,baseline
1666965928,420,149,00,04,15,baseline
1666966186,420,150,00,04,15,baseline
1666966371,420,151,00,04,15,baseline
1666966842,420,152,00,04,15,baseline
1666966921,420,153,00,04,15,baseline
1666967183,420,154,00,04,15,baseline
1666967690,420,155,00,04,15,baseline
1666968275,420,156,00,04,15,baseline
1666969212,420,157,00,04,15,baseline
1666969608,420,158,00,04,15,baseline
1666970066,420,159,00,04,15,baseline
1666970187,420,160,00,04,15,baseline
1666970362,420,161,00,04,15,baseline
1666970547,420,162,00,04,15,baseline
1666970951,420,163,00,04,15,baseline
1666970989,420,164,00,04,15,baseline
1666971129,420,165,00,04,15,baseline
1666971606,420,166,00,04,15,baseline
1666971656,420,167,00,04,15,baseline
1666972124,420,168,00,04,15,baseline
1666973476,420,169,00,04,15,baseline
1666975463,420,170,00,04,15,baseline
1666975562,420,171,00,04,15,baseline
1666975563,420,172,00,04,15,baseline
1666976427,420,173,00,04,15,baseline
1666976512,420,01,00,04,15,baseline
1666976561,420,02,00,04,15,baseline
1666976763,420,03,00,04,15,baseline
1666977151,420,04,00,04,15,baseline
1666977481,420,05,00,04,15,baseline
1666977793,420,06,00,04,15,baseline
1666978106,420,07,00,04,15,baseline
1666978146,420,08,00,04,15,baseline
1666978149,420,09,00,04,15,baseline
1666978181,420,10,00,04,15,baseline
1666980714,420,11,00,04,15,baseline
1666980858,420,12,00,04,15,baseline
1666980879,420,13,00,04,15,baseline
1666980881,420,14,00,04,15,baseline
1666980914,420,15,00,04,15,baseline
1666980937,420,16,00,04,15,baseline
1666982831,420,17,00,04,15,baseline
1666982934,420,18,00,04,15,baseline
1666993988,420,19,00,04,15,baseline
1666994037,420,20,00,04,15,baseline
1666994086,420,21,00,04,15,baseline
1666994107,420,22,00,04,15,baseline
1667041678,420,01,00,00,01,baseline
1667046446,420,02,00,04,15,baseline
1667046468,420,03,00,04,15,baseline
1667046732,420,04,00,04,15,baseline
1667047825,420,05,00,04,15,baseline
1667050125,420,06,00,04,15,baseline
1667062795,420,07,00,04,15,baseline
1667069362,420,08,00,04,15,baseline
1667071236,420,09,00,04,15,baseline
1667071256,420,10,00,04,15,baseline
1667071276,420,11,00,04,15,baseline
1667071301,420,12,00,04,15,baseline
1667071331,420,13,00,04,15,baseline
1667071353,420,14,00,04,15,baseline
1667071817,420,15,00,04,15,baseline
1667071984,420,16,00,04,15,baseline
1667072132,420,17,00,04,15,baseline
1667072384,420,18,00,04,15,baseline
1667073046,420,19,00,04,15,baseline
1667073924,420,20,00,04,15,baseline
1667074315,420,21,00,04,15,baseline
1667080789,420,22,00,04,15,baseline
1667080933,420,23,00,04,15,baseline
1667081523,420,24,00,04,15,baseline
1667081604,420,25,00,04,15,baseline
1667081636,420,26,00,04,15,baseline
1667081658,420,27,00,04,15,baseline
1667081692,420,28,00,04,15,baseline
1667220152,420,01,00,00,01,baseline
1667220236,420,01,00,00,01,baseline
946684801,420,01,00,00,01,baseline
1667220417,420,01,00,00,01,baseline
946684801,420,01,00,00,01,baseline
1667220504,420,01,00,00,01,baseline
1667220551,420,02,00,04,15,baseline
1667220585,420,03,00,04,15,baseline
1667220818,420,04,00,04,15,baseline
1667220820,420,05,00,04,15,baseline
1667221193,420,06,00,04,15,baseline
1667387568,420,01,00,00,01,baseline
946684801,420,01,00,00,01,baseline
1667387670,420,01,00,00,01,baseline
1667390401,420,02,00,04,15,baseline
1667477194,420,03,00,04,15,baseline
1667477224,420,04,00,04,15,baseline
1667477369,420,05,00,04,15,baseline
1667477398,420,06,00,04,15,baseline
1667477400,420,07,00,04,15,baseline
1667477402,420,08,00,04,15,baseline
1667477424,420,09,00,04,15,baseline
1667477595,420,10,00,04,15,baseline
1667477626,420,11,00,04,15,baseline
1667477755,420,12,00,04,15,baseline
1667477810,420,13,00,04,15,baseline
1667477921,420,14,00,04,15,baseline
1667478017,420,15,00,04,15,baseline
1667478230,420,16,00,04,15,baseline
1667478803,420,17,00,04,15,baseline
1667479247,420,18,00,04,15,baseline
1667479267,420,19,00,04,15,baseline
1667479328,420,20,00,04,15,baseline
1667479758,420,21,00,04,15,baseline
1667480497,420,22,00,04,15,baseline
1667480669,420,23,00,04,15,baseline
1667480824,420,24,00,04,15,baseline
1667480890,420,25,00,04,15,baseline
1667480981,420,26,00,04,15,baseline
1667481253,420,27,00,04,15,baseline
1667481637,420,28,00,04,15,baseline
1667481910,420,29,00,04,15,baseline
1667482028,420,30,00,04,15,baseline
1667482588,420,31,00,04,15,baseline
1667483002,420,32,00,04,15,baseline
1667483051,420,33,00,04,15,baseline
1667483153,420,34,00,04,15,baseline
1667483190,420,35,00,04,15,baseline
1667483459,420,36,00,04,15,baseline
1667483488,420,37,00,04,15,baseline
1667483885,420,38,00,04,15,baseline
1667484076,420,39,00,04,15,baseline
1667484154,420,40,00,04,15,baseline
1667484765,420,41,00,04,15,baseline
1667484847,420,42,00,04,15,baseline
1667484894,420,43,00,04,15,baseline
1667486045,420,44,00,04,15,baseline
1667486343,420,45,00,04,15,baseline
1667486978,420,46,00,04,15,baseline
1667490300,420,47,00,04,15,baseline
1667490455,420,48,00,04,15,baseline
1667490807,420,49,00,04,15,baseline
1667491376,420,50,00,04,15,baseline
1667491468,420,51,00,04,15,baseline
1667491791,420,52,00,04,15,baseline
1667492661,420,53,00,04,15,baseline
1667493615,420,54,00,04,15,baseline
1667494204,420,55,00,04,15,baseline
1667494444,420,56,00,04,15,baseline
1667495588,420,57,00,04,15,baseline
1667496127,420,58,00,04,15,baseline
1667496705,420,59,00,04,15,baseline
1667499489,420,60,00,04,15,baseline
1667499531,420,61,00,04,15,baseline
1667499783,420,62,00,04,15,baseline
1667500104,420,63,00,04,15,baseline
1667501290,420,64,00,04,15,baseline
1667501461,420,65,00,03,15,baseline
1667502288,420,66,00,03,15,baseline
1667503784,420,67,00,04,15,baseline
1667505958,420,68,00,04,15,baseline
1667506385,420,69,00,04,15,baseline
1667506651,420,70,00,03,15,baseline
1667506973,420,71,00,04,15,baseline
1667507351,420,72,00,04,15,baseline
1667508051,420,73,00,03,15,baseline
1667508302,420,74,00,03,15,baseline
1667512215,420,75,00,03,15,baseline
1667513190,420,76,00,04,15,baseline
1667513451,420,77,00,04,15,baseline
1667513940,420,78,00,03,15,baseline
1667517177,420,79,00,03,15,baseline
1667517263,420,80,00,04,15,baseline
1667519478,420,81,00,03,15,baseline
1667535473,420,82,00,03,15,baseline
1667535863,420,83,00,03,15,baseline
1667535966,420,84,00,03,15,baseline
1667563244,420,85,00,03,15,baseline
1667563840,420,86,00,03,15,baseline
1667564340,420,87,00,03,15,baseline
946684807,420,01,00,00,01,baseline
1667565146,420,01,00,00,01,baseline
1667565685,420,02,00,04,15,baseline
1667566260,420,03,00,04,15,baseline
1667566693,420,04,00,04,15,baseline
1667567736,420,05,00,04,15,baseline
1667567895,420,06,00,04,15,baseline
1667568316,420,07,00,04,15,baseline
1667568676,420,08,00,04,15,baseline
1667569029,420,09,00,04,15,baseline
1667569452,420,10,00,04,15,baseline
1667570025,420,11,00,04,15,baseline
1667570397,420,12,00,04,15,baseline
1667571148,420,13,00,04,15,baseline
1667571497,420,14,00,04,15,baseline
1667571569,420,15,00,04,15,baseline
1667571752,420,16,00,04,15,baseline
1667572168,420,17,00,04,15,baseline
1667572752,420,18,00,04,15,baseline
1667573094,420,19,00,04,15,baseline
1667573702,420,20,00,04,15,baseline
1667573918,420,21,00,04,15,baseline
1667574304,420,22,00,04,15,baseline
1667574376,420,23,00,04,15,baseline
1667574421,420,24,00,04,15,baseline
1667574912,420,25,00,04,15,baseline
1667575323,420,26,00,04,15,baseline
1667575553,420,27,00,04,15,baseline
1667575660,420,28,00,04,15,baseline
1667575926,420,29,00,04,15,baseline
1667576167,420,30,00,04,15,baseline
1667576379,420,31,00,04,15,baseline
1667576610,420,32,00,04,15,baseline
1667577018,420,33,00,04,15,baseline
1667577284,420,34,00,04,15,baseline
1667577457,420,35,00,04,15,baseline
1667577732,420,36,00,04,15,baseline
1667577823,420,37,00,04,15,baseline
1667578749,420,38,00,04,15,baseline
1667579217,420,39,00,04,15,baseline
1667579465,420,40,00,04,15,baseline
1667579901,420,41,00,04,15,baseline
1667580308,420,42,00,04,15,baseline
1667581504,420,43,00,04,15,baseline
1667581586,420,44,00,04,15,baseline
1667582611,420,45,00,04,15,baseline
1667583773,420,46,00,04,15,baseline
1667584416,420,47,00,04,15,baseline
1667585597,420,48,00,04,15,baseline
1667586522,420,49,00,04,15,baseline
1667586711,420,50,00,04,15,baseline
1667588747,420,51,00,04,15,baseline
1667590577,420,52,00,04,15,baseline
1667590742,420,53,00,04,15,baseline
1667591726,420,54,00,04,15,baseline
1667593075,420,55,00,04,15,baseline
1667593579,420,56,00,04,15,baseline
1667595927,420,57,00,04,15,baseline
1667596194,420,58,00,04,15,baseline
1667596968,420,59,00,04,15,baseline
1667597328,420,60,00,04,15,baseline
1667597777,420,61,00,04,15,baseline
1667598005,420,62,00,04,15,baseline
1667600761,420,63,00,04,15,baseline
1667601470,420,64,00,04,15,baseline
1667601715,420,65,00,04,15,baseline
1667604380,420,66,00,04,15,baseline
1667615392,420,67,00,04,15,baseline
1667649601,420,68,00,04,15,baseline
1667649668,420,69,00,04,15,baseline
1667650442,420,70,00,04,15,baseline
1667650888,420,71,00,04,15,baseline
1667651237,420,72,00,04,15,baseline
1667652008,420,73,00,04,15,baseline
1667652639,420,74,00,04,15,baseline
1667652844,420,75,00,04,15,baseline
1667653107,420,76,00,04,15,baseline
1667653522,420,77,00,04,15,baseline
1667654088,420,78,00,04,15,baseline
1667654775,420,79,00,04,15,baseline
1667655187,420,80,00,04,15,baseline
1667655651,420,81,00,04,15,baseline
1667655945,420,82,00,04,15,baseline
1667656449,420,83,00,04,15,baseline
1667657048,420,84,00,04,15,baseline
1667657164,420,85,00,04,15,baseline
1667657599,420,86,00,04,15,baseline
1667657862,420,87,00,04,15,baseline
1667658473,420,88,00,04,15,baseline
1667658665,420,89,00,04,15,baseline
1667659046,420,90,00,04,15,baseline
1667659451,420,91,00,04,15,baseline
1667659805,420,92,00,04,15,baseline
1667660067,420,93,00,04,15,baseline
1667660385,420,94,00,04,15,baseline
1667660705,420,95,00,04,15,baseline
1667661049,420,96,00,04,15,baseline
1667661435,420,97,00,04,15,baseline
1667661993,420,98,00,04,15,baseline
1667662329,420,99,00,04,15,baseline
1667662541,420,100,00,04,15,baseline
1667662618,420,101,00,04,15,baseline
1667663004,420,102,00,04,15,baseline
1667663453,420,103,00,04,15,baseline
1667663732,420,104,00,04,15,baseline
1667663975,420,105,00,04,15,baseline
1667664225,420,106,00,04,15,baseline
1667664539,420,107,00,04,15,baseline
1667665734,420,108,00,04,15,baseline
1667666541,420,109,00,04,15,baseline
1667667182,420,110,00,04,15,baseline
1667667612,420,111,00,04,15,baseline
1667667936,420,112,00,04,15,baseline
1667668417,420,113,00,04,15,baseline
1667669552,420,114,00,04,15,baseline
1667670045,420,115,00,04,15,baseline
1667672455,420,116,00,04,15,baseline
1667675143,420,117,00,04,15,baseline
1667675505,420,118,00,04,15,baseline
1667676065,420,119,00,04,15,baseline
1667676286,420,120,00,04,15,baseline
1667676770,420,121,00,04,15,baseline
1667677390,420,122,00,04,15,baseline
1667678330,420,123,00,04,15,baseline
1667680844,420,124,00,04,15,baseline
1667681129,420,125,00,04,15,baseline
1667681930,420,126,00,04,15,baseline
1667682253,420,127,00,04,15,baseline
1667684468,420,128,00,04,15,baseline
1667686006,420,129,00,04,15,baseline
1667686303,420,130,00,04,15,baseline
1667688342,420,131,00,04,15,baseline
1667688666,420,132,00,04,15,baseline
1667689099,420,133,00,04,15,baseline
1667734488,420,134,00,04,15,baseline
1667734512,420,135,00,04,15,baseline
1667734632,420,01,00,00,01,baseline
1667734682,420,01,00,00,01,baseline
1667736001,420,02,00,04,15,baseline
1667737352,420,03,00,04,15,baseline
1667737970,420,04,00,04,15,baseline
1667738251,420,05,00,04,15,baseline
1667738895,420,06,00,04,15,baseline
1667739259,420,07,00,04,15,baseline
1667739581,420,08,00,04,15,baseline
1667740398,420,09,00,04,15,baseline
1667740830,420,10,00,04,15,baseline
1667741484,420,11,00,04,15,baseline
1667741695,420,12,00,04,15,baseline
1667741804,420,13,00,04,15,baseline
1667742370,420,14,00,04,15,baseline
1667742460,420,15,00,04,15,baseline
1667742628,420,16,00,04,15,baseline
1667742960,420,17,00,04,15,baseline
1667743108,420,18,00,04,15,baseline
1667743341,420,19,00,04,15,baseline
1667743651,420,20,00,04,15,baseline
1667743844,420,21,00,04,15,baseline
1667744176,420,22,00,04,15,baseline
1667744627,420,23,00,04,15,baseline
1667745082,420,24,00,04,15,baseline
1667745351,420,25,00,04,15,baseline
1667745625,420,26,00,04,15,baseline
1667745957,420,27,00,04,15,baseline
1667746101,420,28,00,04,15,baseline
1667746436,420,29,00,04,15,baseline
1667746863,420,30,00,04,15,baseline
1667747103,420,31,00,04,15,baseline
1667747403,420,32,00,04,15,baseline
1667747507,420,33,00,04,15,baseline
1667747960,420,34,00,04,15,baseline
1667748749,420,35,00,04,15,baseline
1667749181,420,36,00,04,15,baseline
1667749485,420,37,00,04,15,baseline
1667749776,420,38,00,04,15,baseline
1667749896,420,39,00,04,15,baseline
1667750033,420,40,00,04,15,baseline
1667750381,420,41,00,04,15,baseline
1667750638,420,42,00,04,15,baseline
1667750971,420,43,00,04,15,baseline
1667752247,420,44,00,04,15,baseline
1667754698,420,45,00,04,15,baseline
1667755662,420,46,00,04,15,baseline
1667755701,420,47,00,04,15,baseline
1667755935,420,48,00,04,15,baseline
1667756370,420,49,00,04,15,baseline
1667756594,420,50,00,04,15,baseline
1667758218,420,51,00,04,15,baseline
1667758850,420,52,00,04,15,baseline
1667758932,420,53,00,04,15,baseline
1667759402,420,54,00,04,15,baseline
1667760723,420,55,00,04,15,baseline
1667761081,420,56,00,04,15,baseline
1667765438,420,57,00,04,15,baseline
1667766423,420,58,00,04,15,baseline
1667768764,420,59,00,04,15,baseline
1667769144,420,60,00,04,15,baseline
1667769590,420,61,00,04,15,baseline
1667770636,420,62,00,04,15,baseline
1667770707,420,63,00,04,15,baseline
1667771731,420,64,00,04,15,baseline
1667772836,420,65,00,04,15,baseline
1667774002,420,66,00,04,15,baseline
1667774170,420,67,00,04,15,baseline
1667777171,420,68,00,04,15,baseline
1667777286,420,69,00,04,15,baseline
1667778185,420,70,00,04,15,baseline
1667779107,420,71,00,04,15,baseline
1667822401,420,72,00,04,15,baseline
1667824814,420,73,00,04,15,baseline
1667825005,420,74,00,04,15,baseline
1667825734,420,75,00,04,15,baseline
1667826585,420,76,00,04,15,baseline
1667827223,420,77,00,04,15,baseline
1667827442,420,78,00,04,15,baseline
1667827851,420,79,00,04,15,baseline
1667828177,420,80,00,04,15,baseline
1667828645,420,81,00,04,15,baseline
1667828994,420,82,00,04,15,baseline
1667829661,420,83,00,04,15,baseline
1667829976,420,84,00,04,15,baseline
1667830273,420,85,00,04,15,baseline
1667830575,420,86,00,04,15,baseline
1667831222,420,87,00,04,15,baseline
1667831691,420,88,00,04,15,baseline
1667831788,420,89,00,04,15,baseline
1667832406,420,90,00,04,15,baseline
1667832653,420,91,00,04,15,baseline
1667832836,420,92,00,04,15,baseline
1667833266,420,93,00,04,15,baseline
1667833438,420,94,00,04,15,baseline
1667833864,420,95,00,04,15,baseline
1667834368,420,96,00,04,15,baseline
1667834868,420,97,00,04,15,baseline
1667835144,420,98,00,04,15,baseline
1667835591,420,99,00,04,15,baseline
1667836125,420,100,00,04,15,baseline
1667836500,420,101,00,04,15,baseline
1667836861,420,102,00,04,15,baseline
1667837399,420,103,00,04,15,baseline
1667837675,420,104,00,04,15,baseline
1667837906,420,105,00,04,15,baseline
1667838458,420,106,00,04,15,baseline
1667838551,420,107,00,04,15,baseline
1667838901,420,108,00,04,15,baseline
1667839291,420,109,00,04,15,baseline
1667839422,420,110,00,04,15,baseline
1667840113,420,111,00,04,15,baseline
1667840429,420,112,00,04,15,baseline
1667841196,420,113,00,04,15,baseline
1667841769,420,114,00,04,15,baseline
1667842018,420,115,00,04,15,baseline
1667842218,420,116,00,04,15,baseline
1667842927,420,117,00,04,15,baseline
1667846953,420,118,00,04,15,baseline
1667847242,420,119,00,04,15,baseline
1667848030,420,120,00,04,15,baseline
1667848451,420,121,00,04,15,baseline
1667849591,420,122,00,04,15,baseline
1667850820,420,123,00,04,15,baseline
1667854432,420,124,00,04,15,baseline
1667854523,420,125,00,04,15,baseline
1667857226,420,126,00,04,15,baseline
1667858063,420,127,00,04,15,baseline
1667859562,420,128,00,04,15,baseline
1667859581,420,129,00,04,15,baseline
1667861370,420,130,00,04,15,baseline
1667861485,420,131,00,04,15,baseline
1667862105,420,132,00,04,15,baseline
1667863194,420,133,00,04,15,baseline
1667865147,420,134,00,04,15,baseline
1667908801,420,135,00,04,15,baseline
1667908946,420,136,00,04,15,baseline
1667909242,420,137,00,04,15,baseline
1667910057,420,138,00,04,15,baseline
1667911524,420,139,00,04,15,baseline
1667912421,420,140,00,04,15,baseline
1667912498,420,141,00,04,15,baseline
1667913185,420,142,00,04,15,baseline
1667913532,420,143,00,04,15,baseline
1667913977,420,144,00,04,15,baseline
1667914799,420,145,00,04,15,baseline
1667915135,420,146,00,04,15,baseline
1667916106,420,147,00,04,15,baseline
1667916564,420,148,00,04,15,baseline
1667917030,420,149,00,04,15,baseline
1667917953,420,150,00,04,15,baseline
1667918694,420,151,00,04,15,baseline
1667919513,420,152,00,04,15,baseline
1667919962,420,153,00,04,15,baseline
1667920366,420,154,00,04,15,baseline
1667920473,420,155,00,04,15,baseline
1667920666,420,156,00,04,15,baseline
1667920910,420,157,00,04,15,baseline
1667921384,420,158,00,04,15,baseline
1667921720,420,159,00,04,15,baseline
1667922252,420,160,00,04,15,baseline
1667922758,420,161,00,04,15,baseline
1667923340,420,162,00,04,15,baseline
1667923934,420,163,00,04,15,baseline
1667924104,420,164,00,04,15,baseline
1667924272,420,165,00,04,15,baseline
1667924807,420,166,00,04,15,baseline
1667925547,420,167,00,04,15,baseline
1667926109,420,168,00,04,15,baseline
1667926856,420,169,00,04,15,baseline
1667927081,420,170,00,04,15,baseline
1667928502,420,171,00,04,15,baseline
1667928759,420,172,00,04,15,baseline
1667928990,420,173,00,04,15,baseline
1667929164,420,174,00,04,15,baseline
1667929798,420,175,00,04,15,baseline
1667931212,420,176,00,04,15,baseline
1667934075,420,177,00,04,15,baseline
1667934819,420,178,00,04,15,baseline
1667935346,420,179,00,04,15,baseline
1667936604,420,180,00,04,15,baseline
1667939791,420,181,00,04,15,baseline
1667940763,420,182,00,04,15,baseline
1667940817,420,183,00,04,15,baseline
1667942236,420,184,00,04,15,baseline
1667942561,420,185,00,04,15,baseline
1667943999,420,186,00,04,15,baseline
1667944069,420,187,00,04,15,baseline
1667944281,420,188,00,04,15,baseline
1667945872,420,189,00,04,15,baseline
1667946488,420,190,00,04,15,baseline
1667947483,420,191,00,04,15,baseline
1667995209,420,192,00,03,15,baseline
1667995871,420,193,00,03,15,baseline
1667998483,420,194,00,03,15,baseline
1667999216,420,195,00,03,15,baseline
1667999940,420,196,00,03,15,baseline
1668000140,420,197,00,03,15,baseline
1668000427,420,198,00,03,15,baseline
1668001339,420,199,00,03,15,baseline
1668001961,420,200,00,03,15,baseline
1668002318,420,201,00,03,15,baseline
1668002960,420,202,00,03,15,baseline
1668003678,420,203,00,03,15,baseline
1668004505,420,204,00,03,15,baseline
1668004909,420,205,00,03,15,baseline
1668005232,420,206,00,03,15,baseline
1668006024,420,207,00,03,15,baseline
1668006150,420,208,00,03,15,baseline
1668006910,420,209,00,03,15,baseline
1668007329,420,210,00,03,15,baseline
